S.No.,Name,Location,Year,Kilometers_Driven,Fuel_Type,Transmission,Owner_Type,Mileage,Engine,Power,Seats,New_Price,Price
0,"Maruti Wagon R LXI CNG",Mumbai,2010,72000,CNG,Manual,First,26.6,998,58.16,5,0,1.75
1,"Hyundai Creta 1.6 CRDi SX Option",Pune,2015,41000,Diesel,Manual,First,19.67,1582,126.2,5,0,12.5
2,"Honda Jazz V",Chennai,2011,46000,Petrol,Manual,First,18.2,1199,88.7,5,8.61,4.5
3,"Maruti Ertiga VDI",Chennai,2012,87000,Diesel,Manual,First,20.77,1248,88.76,7,0,6
4,"Audi A4 New 2.0 TDI Multitronic",Coimbatore,2013,40670,Diesel,Automatic,Second,15.2,1968,140.8,5,0,17.74
5,"Hyundai EON LPG Era Plus Option",Hyderabad,2012,75000,LPG,Manual,First,21.1,814,55.2,5,0,2.35
6,"Nissan Micra Diesel XV",Jaipur,2013,86999,Diesel,Manual,First,23.08,1461,63.1,5,0,3.5
7,"Toyota Innova Crysta 2.8 GX AT 8S",Mumbai,2016,36000,Diesel,Automatic,First,11.36,2755,171.5,8,21,17.5
8,"Volkswagen Vento Diesel Comfortline",Pune,2013,64430,Diesel,Manual,First,20.54,1598,103.6,5,0,5.2
9,"Tata Indica Vista Quadrajet LS",Chennai,2012,65932,Diesel,Manual,Second,22.3,1248,74,5,0,1.95
10,"Maruti Ciaz Zeta",Kochi,2018,25692,Petrol,Manual,First,21.56,1462,103.25,5,10.65,9.95
11,"Honda City 1.5 V AT Sunroof",Kolkata,2012,60000,Petrol,Automatic,First,16.8,1497,116.3,5,0,4.49
12,"Maruti Swift VDI BSIV",Jaipur,2015,64424,Diesel,Manual,First,25.2,1248,74,5,0,5.6
13,"Land Rover Range Rover 2.2L Pure",Delhi,2014,72000,Diesel,Automatic,First,12.7,2179,187.7,5,0,27
14,"Land Rover Freelander 2 TD4 SE",Pune,2012,85000,Diesel,Automatic,Second,0,2179,115,5,0,17.5
15,"Mitsubishi Pajero Sport 4X4",Delhi,2014,110000,Diesel,Manual,First,13.5,2477,175.56,7,32.01,15
16,"Honda Amaze S i-Dtech",Kochi,2016,58950,Diesel,Manual,First,25.8,1498,98.6,5,0,5.4
17,"Maruti Swift DDiS VDI",Jaipur,2017,25000,Diesel,Manual,First,28.4,1248,74,5,0,5.99
18,"Renault Duster 85PS Diesel RxL Plus",Kochi,2014,77469,Diesel,Manual,First,20.45,1461,83.8,5,0,6.34
19,"Mercedes-Benz New C-Class C 220 CDI BE Avantgare",Bangalore,2014,78500,Diesel,Automatic,First,14.84,2143,167.62,5,0,28
20,"BMW 3 Series 320d",Kochi,2014,32982,Diesel,Automatic,First,22.69,1995,190,5,47.87,18.55
21,"Maruti S Cross DDiS 200 Alpha",Bangalore,2015,55392,Diesel,Manual,Second,23.65,1248,88.5,5,0,8.25
22,"Audi A6 2011-2015 35 TFSI Technology",Mumbai,2015,55985,Petrol,Automatic,First,13.53,1984,177.01,5,0,23.5
23,"Hyundai i20 1.2 Magna",Kolkata,2010,45807,Petrol,Manual,First,18.5,1197,80,5,0,1.87
24,"Volkswagen Vento Petrol Highline AT",Kolkata,2010,33000,Petrol,Automatic,First,14.4,1598,103.6,5,0,2.85
25,"Honda City Corporate Edition",Mumbai,2012,51920,Petrol,Manual,First,16.8,1497,116.3,5,0,4.25
26,"Nissan Micra Diesel XV",Hyderabad,2012,54000,Diesel,Manual,First,23.08,1461,63.1,5,0,4.25
27,"Maruti Alto K10 2010-2014 VXI",Hyderabad,2013,54000,Petrol,Manual,Second,20.92,998,67.1,5,0,2.75
28,"Honda WRV i-VTEC VX",Kochi,2018,37430,Petrol,Manual,First,17.5,1199,88.7,5,10.57,9.9
29,"Toyota Innova 2.5 V Diesel 7-seater",Mumbai,2007,262000,Diesel,Manual,"Fourth & Above",12.8,2494,102,7,0,4
30,"Renault Duster 110PS Diesel RxZ Pack",Bangalore,2013,62000,Diesel,Manual,First,19.01,1461,108.45,5,0,7.75
31,"Toyota Corolla Altis G",Delhi,2012,87615,Petrol,Manual,First,14.53,1798,138.1,5,0,6.75
32,"Mahindra Ssangyong Rexton RX7",Bangalore,2013,72000,Diesel,Automatic,Second,11.18,2696,184,7,0,12.5
33,"Audi A6 2.7 TDI",Kolkata,2010,35000,Diesel,Automatic,First,12.4,2698,179.5,5,0,11.5
34,"Volkswagen Vento 1.6 Highline",Coimbatore,2014,55431,Petrol,Manual,Second,16.09,1598,103.5,5,12.33,6.98
35,"Maruti Wagon R LXI BSIII",Jaipur,2009,83816,Petrol,Manual,Second,14,1061,64,5,0,1.85
36,"Maruti Vitara Brezza ZDi Plus",Kochi,2018,50075,Diesel,Manual,First,24.3,1248,88.5,5,11.12,8.63
37,"Mahindra KUV 100 mFALCON G80 K6 5str AW",Delhi,2017,52000,Petrol,Manual,First,18.15,1198,82,5,0,4.85
38,"Mercedes-Benz M-Class ML 350 CDI",Pune,2013,85000,Diesel,Automatic,First,11.74,2987,254.8,5,0,28
39,"Volkswagen Polo Diesel Trendline 1.2L",Chennai,2013,62000,Diesel,Manual,First,22.07,1199,73.9,5,0,5
40,"Maruti Alto LXi",Delhi,2008,90000,Petrol,Manual,Second,19.7,796,46.3,5,0,1.25
41,"Tata Nano LX SE",Kochi,2014,19698,Petrol,Manual,First,25.4,624,37.5,4,0,1.53
42,"Mahindra KUV 100 mFALCON D75 K8 Dual Tone",Coimbatore,2017,22033,Diesel,Manual,First,25.32,1198,77,6,0,5.58
43,"Hyundai i20 Magna Optional 1.2",Kochi,2014,35487,Petrol,Manual,First,18.5,1197,82.9,5,0,4.74
44,"Hyundai Elantra 2.0 SX Option AT",Bangalore,2014,46374,Petrol,Automatic,First,14.62,1999,149.92,5,23.64,8.85
45,"Toyota Corolla Altis G AT",Mumbai,2016,52001,Petrol,Automatic,First,14.28,1798,138.03,5,0,10.11
46,"Hyundai Elantra CRDi",Ahmedabad,2008,58005,Diesel,Manual,Second,14.9,1991,112.2,5,0,4.25
47,"Toyota Innova Crysta 2.7 GX MT",Bangalore,2012,70704,Petrol,Manual,First,11.25,2694,163.7,7,18.64,10.95
48,"Hyundai Xcent 1.1 CRDi S",Jaipur,2014,75000,Diesel,Manual,First,24.4,1120,71,5,0,3.85
49,"Mahindra Thar CRDe AC",Jaipur,2012,75800,Diesel,Manual,Second,16.55,2498,105,6,0,5.5
50,"Audi A4 2.0 TDI 177 Premium Plus",Kochi,2015,13648,Diesel,Automatic,First,17.11,1968,174.33,5,0,21.43
51,"Maruti Swift LDI",Delhi,2014,52000,Diesel,Manual,First,22.9,1248,74,5,0,4.25
52,"Maruti Swift Ldi BSIV",Kolkata,2014,53000,Diesel,Manual,First,17.8,1248,75,5,0,3.3
53,"Maruti Swift VDI",Delhi,2013,65650,Diesel,Manual,First,28.4,1248,74,5,0,3.85
54,"Hyundai Grand i10 Sportz",Chennai,2015,54000,Petrol,Manual,Third,18.9,1197,82,5,0,3.6
55,"Volkswagen Vento 2013-2015 1.6 Comfortline",Kolkata,2015,39000,Petrol,Manual,First,15.04,1598,103.2,5,0,3.99
56,"Renault KWID RXT",Kochi,2017,16542,Petrol,Manual,First,25.17,799,53.3,5,0,3.3
57,"Hyundai i10 Asta",Kolkata,2010,32000,Petrol,Manual,First,20.36,1197,78.9,5,0,2.07
58,"Nissan X-Trail SLX AT",Hyderabad,2010,121812,Diesel,Automatic,First,13.29,1995,147.6,5,0,7.75
59,"Maruti Zen Estilo VXI BSIII",Hyderabad,2010,39300,Petrol,Manual,First,18.2,998,67.1,5,0,2.25
60,"Toyota Innova Crysta 2.4 GX MT 8S",Mumbai,2017,22000,Diesel,Manual,First,13.68,2393,147.8,8,19.34,16.5
61,"Ford Figo Diesel Titanium",Bangalore,2010,72000,Diesel,Manual,First,20,1399,68,5,0,2.75
62,"Mercedes-Benz New C-Class C 200 CGI Avantgarde",Delhi,2015,58000,Petrol,Automatic,First,11.74,1796,186,5,0,26.7
63,"Mercedes-Benz New C-Class 200 CDI Classic",Pune,2011,65000,Diesel,Manual,Second,15.8,2148,170,5,0,10
64,"Tata Indica V2 eLS",Chennai,2016,178000,Diesel,Manual,First,25,1396,69,5,0,2.5
65,"Audi A4 2.0 TDI Multitronic",Jaipur,2012,65664,Diesel,Automatic,First,16.55,1968,140,5,0,13.5
66,"Honda City ZX CVT",Mumbai,2007,63000,Petrol,Automatic,Second,16.4,1497,78,5,0,1.85
67,"Mercedes-Benz C-Class Progressive C 220d",Coimbatore,2019,15369,Diesel,Automatic,First,0,1950,194,5,49.14,35.67
68,"Maruti Ertiga SHVS VDI",Pune,2016,63000,Diesel,Manual,First,24.52,1248,88.5,7,0,8.15
69,"Hyundai Creta 1.4 E Plus Diesel",Mumbai,2018,13000,Diesel,Manual,First,22.1,1396,88.7,5,11.81,10.5
70,"Porsche Cayenne 2009-2014 Turbo",Mumbai,2008,73000,Petrol,Automatic,First,8.5,4806,500,5,0,14.5
71,"Mahindra XUV500 W8 4WD",Mumbai,2015,55729,Diesel,Manual,First,15.1,2179,140,7,0,9.65
72,"Hyundai i10 Sportz 1.2 AT",Kochi,2012,45178,Petrol,Automatic,First,16.95,1197,78.9,5,0,3.48
73,"Nissan Terrano XV D Pre",Kochi,2015,56066,Diesel,Manual,First,19.64,1461,108.5,5,16.65,6.92
74,"Honda Brio VX AT",Coimbatore,2016,37300,Petrol,Automatic,Second,16.5,1198,86.8,5,0,6.46
75,"Audi A6 2.0 TDI Design Edition",Delhi,2014,56000,Diesel,Automatic,Second,18.53,1968,187.74,5,0,29.5
76,"Ford Fiesta 1.4 SXi TDCi",Jaipur,2008,111111,Diesel,Manual,First,17.8,1399,NULL,5,0,2
77,"Toyota Innova 2.0 G1",Chennai,2006,230000,Petrol,Manual,Third,12.4,1998,132,8,0,4.5
78,"Toyota Innova 2.5 VX 7 STR BSIV",Hyderabad,2012,104000,Diesel,Manual,First,12.8,2494,102,7,0,11.75
79,"Hyundai Santro Xing XL",Hyderabad,2005,87591,Petrol,Manual,First,0,1086,NULL,5,0,1.3
80,"Maruti Swift VDI",Jaipur,2012,95100,Diesel,Manual,First,22.9,1248,74,5,0,3.75
81,"Tata Zest Revotron 1.2T XE",Pune,2017,70000,Petrol,Manual,First,17.57,1193,88.7,5,6.67,4.5
82,"Honda Amaze SX i-VTEC",Kochi,2016,54944,Petrol,Manual,First,18,1198,86.7,5,0,4.82
83,"Ford Figo Diesel ZXI",Hyderabad,2012,70337,Diesel,Manual,First,20,1399,68,5,0,2.8
84,"Maruti Ritz VDi",Jaipur,2013,99638,Diesel,Manual,First,23.2,1248,73.94,5,0,3.11
85,"Honda City i VTEC E",Delhi,2009,52000,Petrol,Manual,First,17.8,1497,117.3,5,0,3.25
86,"BMW 5 Series 2003-2012 525d",Delhi,2011,75000,Diesel,Automatic,Second,16.73,1995,218,5,0,13.9
87,"Hyundai i10 Sportz 1.2",Pune,2009,95980,Petrol,Manual,First,20.36,1197,78.9,5,0,2.25
88,"Hyundai Grand i10 Sportz",Bangalore,2016,16000,Petrol,Manual,First,18.9,1197,82,5,0,5.75
89,"Hyundai Santro Xing XO",Hyderabad,2007,73745,Petrol,Manual,First,17,1086,NULL,5,0,2.1
90,"Honda Amaze SX i-VTEC",Mumbai,2016,18949,Petrol,Manual,First,17.8,1198,86.7,5,0,5
91,"Toyota Fortuner 4x2 Manual",Delhi,2014,107000,Diesel,Manual,First,13,2982,168.5,7,0,16.5
92,"Audi A6 2011-2015 35 TDI Premium",Coimbatore,2018,48367,Diesel,Automatic,First,17.68,1968,174.33,5,0,39.58
93,"Ford Ecosport 1.5 DV5 MT Titanium Optional",Delhi,2013,57000,Diesel,Manual,First,22.7,1498,89.84,5,0,5.5
94,"Mahindra XUV500 W8 2WD",Delhi,2014,58000,Diesel,Manual,First,15.1,2179,140,7,0,8.1
95,"Honda Amaze SX i-DTEC",Kolkata,2015,30000,Diesel,Manual,First,25.8,1498,98.6,5,0,3.5
96,"Volkswagen Polo Diesel Highline 1.2L",Kolkata,2013,34212,Diesel,Manual,First,22.07,1199,73.9,5,0,2.79
97,"Hyundai Verna Transform SX VGT CRDi",Ahmedabad,2010,70002,Diesel,Manual,First,16.2,1493,110,5,0,3.45
98,"Maruti Wagon R VXI BS IV",Bangalore,2016,62000,Petrol,Manual,First,18.9,998,67.1,5,0,4.45
99,"Volkswagen Polo Petrol Highline 1.6L",Delhi,2010,62001,Petrol,Manual,First,15.26,1598,103.5,5,0,2.65
100,"Hyundai i20 1.4 CRDi Sportz",Pune,2011,78958,Diesel,Manual,Second,23,1396,90,5,0,3.8
101,"Hyundai i20 Asta 1.2",Mumbai,2014,30180,Petrol,Manual,First,18.5,1197,82.85,5,0,4.65
102,"Datsun GO Plus T Petrol",Pune,2017,32851,Petrol,Manual,First,19.83,1198,67,7,6.45,3.95
103,"Audi A4 3.0 TDI Quattro Premium",Kolkata,2010,30000,Diesel,Automatic,First,14.94,2967,241.4,5,0,9.8
104,"Hyundai i20 2015-2017 Asta",Pune,2009,66000,Petrol,Manual,Second,17,1197,80,5,0,2.7
105,"Maruti Omni 5 Str STD",Coimbatore,2010,93850,Petrol,Manual,First,14,796,35,5,0,2.41
106,"Toyota Etios Liva 1.2 G",Ahmedabad,2014,53000,Petrol,Manual,First,17.71,1197,78.9,5,6.41,3.9
107,"Jaguar XF 3.0 Litre S Premium Luxury",Hyderabad,2011,78000,Diesel,Automatic,Second,14.74,2993,270.9,5,0,24
108,"Mahindra XUV500 W8 2WD",Delhi,2012,65000,Diesel,Manual,Second,16,2179,140,7,0,5.75
109,"Hyundai Verna 1.6 SX CRDI (O) AT",Kolkata,2014,40000,Diesel,Automatic,First,22.32,1582,126.32,5,0,5.25
110,"Toyota Innova Crysta 2.8 ZX AT",Mumbai,2017,30000,Diesel,Automatic,First,11.36,2755,171.5,7,27,19.25
111,"Maruti Eeco 5 Seater AC",Coimbatore,2017,38053,Petrol,Manual,First,15.1,1196,73,5,5.13,3.91
112,"Tata Nano Twist XT",Bangalore,2014,25500,Petrol,Manual,First,25.4,624,37.5,4,0,2.15
113,"BMW 3 Series 320d Luxury Line",Mumbai,2015,56087,Diesel,Automatic,First,22.69,1995,190,5,54.43,20.75
114,"Honda Civic 2006-2010 1.8 V MT",Delhi,2010,71088,Petrol,Manual,First,13.5,1799,130,5,0,3.35
115,"Toyota Innova 2.5 VX (Diesel) 7 Seater",Ahmedabad,2014,55000,Diesel,Manual,First,12.99,2494,100.6,7,0,11.11
116,"Volvo V40 Cross Country D3",Bangalore,2014,32700,Diesel,Automatic,First,23.3,1984,150,5,0,20
117,"Nissan Micra XV CVT",Coimbatore,2016,39882,Petrol,Automatic,First,19.15,1198,75.94,5,9.51,6.55
118,"BMW 5 Series 2010-2013 525i",Mumbai,2009,128000,Petrol,Automatic,First,10.8,2497,215,5,0,7
119,"Maruti Vitara Brezza VDi",Mumbai,2016,55000,Diesel,Manual,First,24.3,1248,88.5,5,9.96,7.5
120,"Hyundai Santro Xing XL eRLX Euro III",Mumbai,2005,102000,Petrol,Manual,Second,17,1086,NULL,5,0,0.85
121,"Mercedes-Benz B Class B200 CDI",Pune,2014,53753,Diesel,Automatic,Second,15,2143,107.3,5,0,16.75
122,"Hyundai Verna CRDi 1.6 SX Option",Kolkata,2018,10250,Diesel,Manual,First,22,1582,126.2,5,14.44,10.95
123,"Maruti Wagon R LXI BS IV",Pune,2011,43874,Petrol,Manual,First,18.9,998,67.1,5,0,2.45
124,"Tata Nano XTA",Coimbatore,2017,32684,Petrol,Automatic,First,21.9,624,37.48,4,0,3.23
125,"Mahindra Scorpio VLX",Kolkata,2014,42000,Diesel,Manual,First,12.05,2179,120,8,0,7.75
126,"Mercedes-Benz New C-Class 200 K AT",Kolkata,2009,28352,Petrol,Automatic,First,11.7,1796,178,5,0,9.35
127,"Maruti Wagon R LXI CNG",Pune,2013,89900,CNG,Manual,First,26.6,998,58.16,5,0,3.25
128,"Honda CR-V 2.4 MT",Bangalore,2007,47700,Petrol,Manual,Second,10.8,2354,152,5,0,5.25
129,"Volkswagen Vento 1.5 TDI Comfortline AT",Pune,2015,55000,Diesel,Automatic,First,21.21,1498,103.2,5,0,7.25
130,"Maruti Ciaz VXi Plus",Kochi,2017,44285,Petrol,Manual,First,20.73,1373,91.1,5,0,7.47
131,"Mahindra XUV500 AT W10 FWD",Jaipur,2016,54000,Diesel,Automatic,First,16,2179,140,7,0,13.25
132,"Maruti Ritz VXI ABS",Coimbatore,2016,30232,Petrol,Manual,First,21.1,1197,85.8,5,0,5.81
133,"Maruti Alto K10 VXI",Hyderabad,2014,88500,Petrol,Manual,First,24.07,998,67.1,5,4.53,2.6
134,"Mercedes-Benz SLC 43 AMG",Kolkata,2017,13372,Petrol,Automatic,First,19,2996,362.07,2,95.04,54
135,"Hyundai Verna VTVT 1.6 AT SX Plus",Kochi,2019,12645,Petrol,Automatic,First,17,1591,121.3,5,13.49,11.5
136,"Maruti Alto LXi BSIII",Chennai,2010,94385,Petrol,Manual,Second,19.7,796,46.3,5,0,1.6
137,"BMW 1 Series 118d Base",Coimbatore,2015,31821,Diesel,Automatic,First,20.58,1995,143,5,0,17.22
138,"Honda Jazz 1.2 V CVT i VTEC",Mumbai,2015,12000,Petrol,Automatic,First,19,1199,88.7,5,0,6
139,"Honda Civic 2006-2010 1.8 V MT",Delhi,2012,88578,Petrol,Manual,First,13.5,1799,130,5,0,3.95
140,"Mercedes-Benz New C-Class C 220 CDI Avantgarde",Kochi,2014,44965,Diesel,Automatic,First,19.27,2143,170,5,0,17.95
141,"Honda Amaze SX i-DTEC",Kolkata,2014,45044,Diesel,Manual,First,25.8,1498,98.6,5,0,3.7
142,"Maruti Swift VVT VXI",Kochi,2016,34204,Petrol,Manual,First,22,1197,81.8,5,0,5.43
143,"Hyundai Santro Xing XO eRLX Euro II",Kochi,2008,80759,Petrol,Manual,Third,17,1086,NULL,5,0,1.67
144,"Toyota Fortuner 3.0 Diesel",Coimbatore,2012,91235,Diesel,Manual,First,11.5,2982,171,7,0,13.49
145,"Chevrolet Beat LT Option",Pune,2014,38800,Petrol,Manual,First,18.6,1199,76.8,5,0,2.85
146,"Skoda Rapid 1.5 TDI Elegance",Chennai,2013,83000,Diesel,Manual,First,21.14,1498,103.52,5,0,4.75
147,"Maruti Ciaz 1.4 Alpha",Kochi,2018,41283,Petrol,Manual,First,20.73,1373,91.1,5,0,9.9
149,"BMW 3 Series Luxury Line",Mumbai,2014,48000,Diesel,Automatic,First,21.76,1995,190,5,60.88,26.5
150,"Audi A4 2.0 TDI 177 Premium Plus",Coimbatore,2015,48214,Diesel,Automatic,First,17.11,1968,174.33,5,0,23.32
151,"Maruti Swift VDI",Chennai,2016,35000,Diesel,Manual,First,22.9,1248,74,5,0,6.25
152,"Mercedes-Benz S Class 2005 2013 S 500",Kolkata,2010,35277,Petrol,Automatic,First,7.81,5461,362.9,5,0,30
153,"Skoda Rapid 1.5 TDI AT Elegance Plus Black Package",Coimbatore,2016,54620,Diesel,Automatic,First,21.66,1498,103.52,5,0,9.86
154,"Skoda Superb Elegance 2.0 TDI CR AT",Pune,2012,136997,Diesel,Automatic,First,17.2,1968,138.1,5,0,8.5
155,"Hyundai EON Magna Plus",Kochi,2019,14322,Petrol,Manual,First,21.1,814,55.2,5,0,4.23
156,"Volkswagen Polo Diesel Trendline 1.2L",Jaipur,2012,65634,Diesel,Manual,First,22.07,1199,73.9,5,0,3.5
157,"Datsun GO NXT",Kolkata,2016,6000,Petrol,Manual,First,20.63,1198,67.06,5,0,2.5
158,"Honda Brio S MT",Kolkata,2013,33280,Petrol,Manual,First,19.4,1198,86.8,5,0,2.39
159,"Mercedes-Benz B Class B180",Delhi,2013,29000,Petrol,Automatic,First,14.8,1595,120.7,5,0,11.25
160,"Honda City i DTEC V",Kochi,2015,42831,Diesel,Manual,First,26,1498,98.6,5,0,7.11
161,"Toyota Innova 2.5 G (Diesel) 7 Seater",Ahmedabad,2016,90000,Diesel,Manual,First,12.99,2494,100.6,7,0,10.9
162,"Maruti Swift VXI Optional",Ahmedabad,2017,24005,Petrol,Manual,First,20.4,1197,81.8,5,0,6.2
163,"Mahindra XUV500 W8 2WD",Mumbai,2012,32792,Diesel,Manual,First,15.1,2179,140,7,0,7.9
164,"Ford Ecosport 1.5 DV5 MT Ambiente",Kochi,2014,147898,Diesel,Manual,First,22.7,1498,89.84,5,0,4.42
165,"Toyota Fortuner 4x2 Manual",Mumbai,2012,131765,Diesel,Manual,First,13,2982,168.5,7,0,13.5
166,"Volkswagen Vento 1.5 Highline Plus AT 16 Alloy",Chennai,2013,65000,Diesel,Automatic,First,21.5,1498,108.5,5,0,6.25
167,"Ford Figo Diesel Titanium",Jaipur,2010,66123,Diesel,Manual,Second,20,1399,68,5,0,2.1
168,"BMW X5 xDrive 30d",Mumbai,2015,41000,Diesel,Automatic,First,15.3,2993,258,5,0,45
169,"Mercedes-Benz New C-Class C 220 CDI Style",Coimbatore,2017,23550,Diesel,Automatic,First,19.27,2143,167.62,5,0,33.66
170,"Honda Brio V MT",Bangalore,2012,45000,Petrol,Manual,Second,19.4,1198,86.8,5,0,3.65
171,"Hyundai i10 Magna 1.2",Delhi,2013,60000,Petrol,Manual,First,20.36,1197,78.9,5,0,2.75
172,"Mercedes-Benz GLC 220",Bangalore,2016,44414,Diesel,Automatic,First,17.9,2143,170,5,0,42.5
173,"Hyundai Grand i10 1.2 Kappa Asta",Kolkata,2019,1000,Petrol,Manual,First,18.9,1197,81.86,5,7.39,6.5
174,"Audi A6 2011-2015 2.0 TDI Premium Plus",Mumbai,2012,62500,Diesel,Automatic,Second,17.68,1968,174.33,5,0,19
175,"Volkswagen Vento Petrol Highline AT",Mumbai,2013,21000,Petrol,Automatic,Second,14.4,1598,103.6,5,0,4.45
176,"Mini Countryman Cooper D",Jaipur,2017,8525,Diesel,Automatic,Second,16.6,1998,112,5,0,23
177,"Hyundai i20 Asta 1.4 CRDi",Bangalore,2014,29000,Diesel,Manual,First,22.54,1396,88.73,5,0,8.35
178,"Audi A6 2011-2015 2.0 TDI Premium Plus",Mumbai,2014,40000,Diesel,Automatic,First,17.68,1968,174.33,5,0,22.95
179,"Chevrolet Beat Diesel LT",Jaipur,2012,88000,Diesel,Manual,First,25.44,936,57.6,5,0,1.5
180,"Skoda Superb Elegance 1.8 TSI AT",Kochi,2012,53537,Petrol,Automatic,First,13.7,1798,157.75,5,0,6.89
181,"Ford Fiesta 1.4 TDCi EXI Limited Edition",Chennai,2006,216000,Diesel,Manual,Second,17.8,1399,68,5,0,1.45
182,"BMW 5 Series 520d Luxury Line",Hyderabad,2014,51000,Diesel,Automatic,First,22.48,1995,190,5,69.47,33.5
183,"Chevrolet Optra Magnum 1.6 LS BS3",Jaipur,2007,118500,Petrol,Manual,First,12.9,1598,102.5,5,0,1.25
184,"Volkswagen Polo Diesel Highline 1.2L",Hyderabad,2012,63000,Diesel,Manual,First,22.07,1199,73.9,5,0,4.2
185,"Renault Lodgy 110PS RxZ 8 Seater",Mumbai,2015,25000,Diesel,Manual,First,19.98,1461,108.5,8,0,6.75
186,"Mercedes-Benz E-Class E250 CDI Avantgrade",Bangalore,2014,37382,Diesel,Automatic,First,13,2143,201.1,5,0,32
187,"Maruti Baleno Alpha",Kochi,2017,24773,Petrol,Manual,First,21.4,1197,83.1,5,8.78,7.5
188,"Hyundai Verna 1.6 SX",Delhi,2012,62000,Diesel,Manual,First,22.32,1582,126.32,5,0,4.6
189,"Hyundai i10 Magna 1.1",Kochi,2017,52340,Petrol,Manual,First,19.81,1086,68.05,5,0,4.04
190,"Mahindra Scorpio 1.99 S10 4WD",Kochi,2016,56739,Diesel,Manual,First,15.4,1997,120,7,0,10.31
191,"Land Rover Range Rover 2.2L Dynamic",Coimbatore,2018,36091,Diesel,Automatic,First,12.7,2179,187.7,5,0,55.76
192,"Ford Figo Diesel ZXI",Chennai,2010,120000,Diesel,Manual,First,20,1399,68,5,0,2.6
193,"Maruti Ertiga ZDI",Mumbai,2016,33000,Diesel,Manual,First,25.47,1248,88.5,7,12.74,8.5
194,"Honda City 1.5 GXI",Ahmedabad,2007,60006,Petrol,Manual,First,0,0,0,0,0,2.95
195,"Honda Amaze S i-Dtech",Kolkata,2014,52000,Diesel,Manual,First,25.8,1498,98.6,5,0,3.5
196,"Hyundai i10 Magna",Jaipur,2015,43571,Petrol,Manual,First,20.36,1197,78.9,5,0,3.55
197,"Honda Amaze S i-Dtech",Kolkata,2013,50000,Diesel,Manual,First,25.8,1498,98.6,5,0,3.25
198,"Skoda Laura Ambiente",Hyderabad,2008,113000,Diesel,Manual,First,17.5,1896,106,5,0,4.5
199,"Renault Duster 85PS Diesel RxL",Delhi,2014,90000,Diesel,Manual,First,19.87,1461,83.8,5,0,5.35
200,"Mahindra NuvoSport N6",Chennai,2017,29000,Diesel,Manual,Second,17.45,1493,100,7,10.52,6.5
201,"Maruti Vitara Brezza ZDi Plus Dual Tone",Mumbai,2016,20000,Diesel,Manual,First,24.3,1248,88.5,5,11.98,9
202,"Hyundai i20 Asta Option 1.2",Kochi,2016,61012,Petrol,Manual,First,18.6,1197,81.83,5,0,6
203,"Skoda Fabia 1.4 MPI Ambiente",Jaipur,2009,87459,Petrol,Manual,First,14.7,1390,85,5,0,2.75
204,"Tata Indigo eCS GLX",Pune,2010,70500,Petrol,Manual,First,15.64,1193,64.1,5,0,1.5
205,"Audi Q3 2012-2015 35 TDI Quattro Premium Plus",Delhi,2015,64103,Diesel,Automatic,First,15.73,1968,174.33,5,0,19.9
206,"Skoda Octavia Elegance 1.8 TSI AT",Mumbai,2014,76000,Petrol,Automatic,First,14.7,1798,177.5,5,0,10
207,"Toyota Etios Liva GD SP",Delhi,2014,104000,Diesel,Manual,First,23.59,1364,67.06,5,0,3
208,"Maruti Swift 1.3 VXi",Kolkata,2010,42001,Petrol,Manual,First,16.1,0,0,0,0,2.11
209,"Mercedes-Benz B Class B180",Kochi,2014,37245,Petrol,Automatic,First,14.8,1595,120.7,5,0,11.96
210,"Honda Amaze S Diesel",Kolkata,2013,45000,Diesel,Manual,First,27.4,1498,98.6,5,8.54,3.25
211,"Hyundai Verna 1.6 SX",Jaipur,2012,117837,Diesel,Manual,Second,22.32,1582,126.32,5,0,4.75
212,"Renault Duster 85PS Diesel RxL Optional",Mumbai,2014,30000,Diesel,Manual,First,20.46,1461,83.8,5,0,5.95
213,"Hyundai Creta 1.6 VTVT S",Delhi,2015,27057,Petrol,Manual,Second,15.29,1591,121.3,5,0,8.15
214,"Maruti Wagon R AMT VXI",Mumbai,2016,8500,Petrol,Automatic,First,20.51,998,67,5,0,4.22
215,"Mercedes-Benz New C-Class C250 Avantgarde",Kolkata,2010,30500,Petrol,Automatic,First,11.74,1796,186,5,0,10.5
216,"Audi A8 L 3.0 TDI quattro",Delhi,2012,56000,Diesel,Automatic,First,11.8,2967,246.7,5,0,45
217,"Hyundai i10 Magna 1.1",Pune,2012,44000,Petrol,Manual,Second,19.81,1086,68.05,5,0,2.9
218,"Skoda Rapid 1.6 MPI AT Style Black Package",Mumbai,2017,10500,Petrol,Automatic,First,14.3,1598,103.52,5,0,8.9
219,"Skoda Superb Style 1.8 TSI AT",Hyderabad,2017,26000,Petrol,Automatic,First,14.67,1798,177.46,5,33.58,26
220,"Hyundai i20 Active 1.2 SX",Coimbatore,2018,25166,Petrol,Manual,First,17.19,1197,81.86,5,0,8.22
221,"Honda Amaze VX i-DTEC",Kolkata,2014,64000,Diesel,Manual,Second,25.8,1498,98.6,5,0,3.5
222,"Maruti Wagon R LXI",Chennai,2004,61000,Petrol,Manual,Second,18.9,998,67.1,5,0,1.25
223,"Mahindra Verito 1.5 D4 BSIV",Hyderabad,2013,107000,Diesel,Manual,First,21.03,1461,65,5,9.12,3.7
224,"Mercedes-Benz New C-Class C 220d Avantgarde Edition C",Coimbatore,2018,29161,Diesel,Automatic,First,19.27,2143,167.62,5,0,39.41
225,"Maruti Wagon R VXI",Kolkata,2013,32000,Petrol,Manual,First,22.5,998,67.04,5,5.29,2.65
226,"Nissan Terrano XV Premium 110 PS Anniversary Edition",Coimbatore,2015,46173,Diesel,Manual,Second,19.01,1461,108.5,5,0,8.92
227,"Maruti Swift VDI BSIV",Delhi,2013,47000,Diesel,Manual,First,17.8,1248,NULL,5,0,4.1
228,"Mini Cooper Convertible S",Kochi,2017,26327,Petrol,Automatic,First,16.82,1998,189.08,4,44.28,35.67
229,"Ford Figo Diesel",Bangalore,2015,70436,Diesel,Manual,First,0,1498,99,0,0,3.6
230,"Tata Indica V2 DLS BSII",Jaipur,2007,200000,Diesel,Manual,Second,17.2,1396,53.5,5,0,0.85
231,"Chevrolet Beat LT",Kochi,2016,60813,Petrol,Manual,Second,18.6,1199,76.8,5,0,3.32
232,"Volkswagen Polo Diesel Comfortline 1.2L",Mumbai,2012,45000,Diesel,Manual,First,22.07,1199,73.9,5,0,3.6
233,"Maruti Swift ZDi",Hyderabad,2016,64000,Diesel,Manual,First,22.9,1248,74,5,0,6.8
234,"Ford Figo Diesel EXI",Kolkata,2012,41284,Diesel,Manual,First,20,1399,68.05,5,0,2.5
235,"Toyota Innova Crysta 2.8 GX AT",Kochi,2019,14165,Diesel,Automatic,First,11.36,2755,171.5,7,20.74,19.64
236,"Hyundai Santa Fe 4x4 AT",Mumbai,2011,67000,Diesel,Automatic,Second,11.72,2199,194.3,7,0,7
237,"Honda City i-VTEC V",Kolkata,2011,32572,Petrol,Manual,First,17.4,1497,117.3,5,11.74,3.87
238,"Hyundai i20 1.2 Magna Executive",Kochi,2018,14960,Petrol,Manual,First,18.6,1197,81.83,5,0,6.27
239,"Mercedes-Benz New C-Class C 220d Avantgarde Edition C",Kochi,2015,55980,Diesel,Automatic,First,19.27,2143,167.62,5,0,18.12
240,"Chevrolet Beat Diesel LT",Mumbai,2013,74000,Diesel,Manual,First,25.44,936,57.6,5,0,2.65
241,"Hyundai i20 Sportz 1.4 CRDi",Kochi,2015,56847,Diesel,Manual,First,22.54,1396,88.73,5,0,7.2
242,"Toyota Innova 2.5 Z Diesel 7 Seater",Coimbatore,2015,121374,Diesel,Manual,First,12.99,2494,100.6,7,0,14.3
243,"Maruti Ertiga VDI",Chennai,2013,52000,Diesel,Manual,First,20.77,1248,88.76,7,0,6.9
244,"Toyota Innova 2.5 V Diesel 7-seater",Mumbai,2014,118000,Diesel,Manual,First,12.8,2494,102,7,0,10.75
245,"Hyundai Santro Xing XO eRLX Euro II",Mumbai,2007,72000,Petrol,Manual,Third,17,1086,NULL,5,0,0.95
246,"Honda City i VTEC V",Kochi,2016,33915,Petrol,Manual,First,17.8,1497,117.3,5,0,8.09
247,"BMW X1 sDrive20d",Ahmedabad,2014,82002,Diesel,Automatic,First,17.05,1995,184,5,0,18.5
248,"Hyundai Grand i10 CRDi Era",Mumbai,2017,33000,Diesel,Manual,First,24,1120,70,5,0,4.75
249,"Maruti Ciaz 1.3 Alpha",Chennai,2016,34000,Diesel,Manual,First,28.09,1248,88.5,5,0,8.45
250,"Skoda Rapid Leisure 1.6 TDI MT",Kolkata,2012,55000,Diesel,Manual,First,20.5,1598,103.6,5,0,3.5
251,"Hyundai Accent CRDi",Kochi,2006,160538,Diesel,Manual,First,13.1,1493,82,5,0,1.8
252,"Volkswagen Polo GT 1.5 TDI",Jaipur,2014,60000,Diesel,Manual,Second,19.91,1498,103.6,5,0,3.7
253,"Honda Jazz 1.2 VX i VTEC",Coimbatore,2017,49575,Petrol,Manual,First,18.7,1199,88.7,5,0,7.17
254,"Hyundai i10 Era",Jaipur,2010,83000,Petrol,Manual,First,19.81,1086,68.05,5,0,1.75
255,"Hyundai Tucson 2.0 e-VGT 2WD AT GLS",Kochi,2018,51346,Diesel,Automatic,First,16.38,1995,183,5,0,21.99
256,"Toyota Innova Crysta 2.4 ZX MT",Pune,2017,43000,Diesel,Manual,First,13.68,2393,147.8,7,25.52,18.65
257,"Maruti Omni MPI CARGO BSIII W/ IMMOBILISER",Jaipur,2011,35000,Petrol,Manual,Third,19.7,796,35,5,0,1.85
258,"Maruti Swift VXI BSIV",Coimbatore,2017,27872,Petrol,Manual,Second,20.4,1197,81.8,5,0,5.95
259,"Hyundai Grand i10 Magna",Mumbai,2014,16514,Petrol,Manual,First,18.9,1197,82,5,0,3.75
260,"Maruti Swift VDI",Pune,2012,120000,Diesel,Manual,First,22.9,1248,74,5,0,3.75
261,"Hyundai Verna CRDi 1.6 SX",Hyderabad,2008,143275,Diesel,Manual,First,22,1582,126.2,5,14.07,2.6
262,"Hyundai Santro Xing XL",Hyderabad,2006,99000,Petrol,Manual,First,0,1086,NULL,5,0,1.75
263,"Hyundai i20 1.2 Sportz",Mumbai,2010,52000,Petrol,Manual,First,17,1197,80,5,0,2.8
264,"Mercedes-Benz GLE 350d",Coimbatore,2017,29819,Diesel,Automatic,First,11.57,2987,254.79,5,95.13,61.29
265,"Mercedes-Benz New C-Class C 220 CDI CLASSIC",Bangalore,2014,57000,Diesel,Manual,Second,15.8,2148,170,5,0,18
266,"Maruti Ritz ZDi",Hyderabad,2014,88500,Diesel,Manual,First,23.2,1248,73.94,5,0,4.35
267,"Hyundai Creta 1.6 CRDi SX",Bangalore,2016,28000,Diesel,Manual,First,19.67,1582,126.2,5,0,13.75
268,"Maruti A-Star Vxi",Pune,2010,67000,Petrol,Manual,First,19,998,66.1,5,0,2
269,"Renault Duster 110PS Diesel RXZ Option",Delhi,2016,26000,Diesel,Manual,First,19.64,1461,108.45,5,0,10
270,"Fiat Grande Punto 1.3 Emotion Pack (Diesel)",Delhi,2010,120000,Diesel,Manual,First,17.8,1248,76,5,0,1.65
271,"BMW X3 xDrive30d M Sport",Coimbatore,2017,51982,Diesel,Automatic,First,16.55,2993,258,5,0,45.77
272,"Hyundai i10 Sportz",Bangalore,2010,36000,Petrol,Manual,Second,20.36,1197,78.9,5,0,3.25
273,"Toyota Innova 2.5 G4 Diesel 7-seater",Pune,2016,47000,Diesel,Manual,First,12.8,2494,102,7,0,12.8
274,"Maruti Zen VXI BSII",Mumbai,2002,60000,Petrol,Manual,Third,17.3,993,60,5,0,0.55
275,"Maruti Swift VDI",Hyderabad,2018,31025,Diesel,Manual,First,28.4,1248,74,5,0,7.15
276,"Mahindra Scorpio VLX 2.2 mHawk Airbag BSIV",Pune,2013,105000,Diesel,Manual,Second,12.05,2179,120,8,0,7
277,"Tata Zest Quadrajet 1.3 75PS XE",Pune,2017,121900,Diesel,Manual,First,22.95,1248,74,5,8.34,3.75
278,"Ford EcoSport 1.0 Ecoboost Titanium Plus",Mumbai,2017,22695,Petrol,Manual,First,18.88,999,123.24,5,0,8.5
279,"Maruti Swift Dzire ZDI",Jaipur,2012,73000,Diesel,Manual,First,23.4,1248,74,5,0,4.35
280,"Maruti Alto 800 LXI",Kochi,2016,32227,Petrol,Manual,First,22.74,796,47.3,5,0,3.26
281,"Honda City 1.5 S MT",Jaipur,2011,55000,Petrol,Manual,First,17,1497,118,5,0,4.21
282,"Audi Q7 3.0 TDI Quattro Technology",Kochi,2018,11287,Diesel,Automatic,First,12.07,2967,241.4,7,0,70.36
283,"Skoda Laura 1.9 TDI AT Ambiente",Mumbai,2009,48000,Diesel,Automatic,Second,17,1896,105,5,0,2.95
284,"Hyundai Verna 1.6 SX VTVT (O)",Kochi,2012,54308,Petrol,Manual,First,17.1,1591,121.3,5,0,4.28
285,"Honda City 1.5 V AT",Jaipur,2009,78442,Petrol,Automatic,First,16.8,1497,118,5,0,3.57
286,"Hyundai i20 Magna Optional 1.4 CRDi",Kolkata,2013,46000,Diesel,Manual,First,21.9,1396,88.8,5,0,3.11
287,"Hyundai i20 Sportz AT 1.4",Coimbatore,2014,45051,Petrol,Automatic,First,15,1396,98.6,5,0,5.96
288,"Volkswagen Vento Diesel Highline",Hyderabad,2011,69000,Diesel,Manual,First,20.54,1598,103.6,5,0,4.7
289,"Honda City i VTEC VX",Ahmedabad,2014,49000,Petrol,Manual,First,17.4,1497,117.3,5,0,6.9
290,"Tata Zest Quadrajet 1.3 75PS XE",Pune,2018,45000,Diesel,Manual,First,22.95,1248,74,5,8.34,5.25
291,"BMW 5 Series 2003-2012 520d",Pune,2015,64000,Diesel,Automatic,First,18.48,1995,177,5,0,28
292,"Maruti Wagon R LXI Minor",Delhi,2009,60000,Petrol,Manual,First,18.9,1061,67,5,0,1.35
293,"Honda Jazz VX",Delhi,2015,62178,Petrol,Manual,First,18.2,1199,88.7,5,8.85,4.85
294,"Volkswagen Jetta 2007-2011 2.0 TDI Comfortline",Coimbatore,2012,58006,Diesel,Manual,First,15,1896,105,5,0,6.7
295,"Hyundai i10 Magna 1.2",Hyderabad,2010,74000,Petrol,Manual,First,20.36,1197,78.9,5,0,3.1
296,"Mercedes-Benz New C-Class C 220 CDI Avantgarde",Kochi,2015,77771,Diesel,Automatic,First,19.27,2143,170,5,0,18.64
297,"Hyundai i10 Magna 1.2 iTech SE",Pune,2012,45275,Petrol,Manual,First,20.36,1197,78.9,5,0,2.8
298,"Toyota Innova Crysta 2.4 ZX MT",Chennai,2016,48000,Diesel,Manual,First,13.68,2393,147.8,7,25.4,20.25
299,"Audi A6 2011-2015 2.0 TDI Technology",Kochi,2015,31652,Diesel,Automatic,First,17.68,1968,174.33,5,0,26.78
300,"Toyota Innova 2.5 VX (Diesel) 7 Seater",Hyderabad,2010,109000,Diesel,Manual,Second,12.99,2494,100.6,7,0,8.26
301,"Volkswagen Polo Petrol Trendline 1.2L",Mumbai,2015,31978,Petrol,Manual,First,16.47,1198,73.9,5,0,3.89
302,"Maruti Alto K10 LXI",Hyderabad,2011,70000,Petrol,Manual,First,20.92,998,67.1,5,0,2.1
303,"Honda City i-VTEC CVT ZX",Mumbai,2017,15000,Petrol,Automatic,First,18,1497,117.3,5,16.67,12.69
304,"Tata Indigo LX",Coimbatore,2013,59138,Diesel,Manual,First,17,1405,70,5,0,2.58
305,"Audi A6 2011-2015 2.0 TDI Premium Plus",Kochi,2014,61726,Diesel,Automatic,First,17.68,1968,174.33,5,0,20.77
306,"Mercedes-Benz GLA Class 200 CDI SPORT",Delhi,2015,48000,Diesel,Automatic,First,17.9,2143,136,5,0,20.26
307,"Hyundai Santro Xing XL",Chennai,2006,58000,Petrol,Manual,Second,0,1086,NULL,5,0,1.5
308,"Maruti Swift VDI BSIV",Kolkata,2011,60020,Diesel,Manual,First,17.8,1248,NULL,5,0,2.5
309,"Maruti Celerio VXI AT",Hyderabad,2014,77815,Petrol,Automatic,First,23.1,998,67.04,5,0,4.25
310,"Mercedes-Benz GLE 250d",Hyderabad,2017,29000,Diesel,Automatic,First,17.9,2143,201.15,5,79.43,57
311,"Land Rover Range Rover HSE Dynamic",Delhi,2017,44000,Diesel,Automatic,First,12.7,2179,187.7,5,0,44
312,"Volkswagen Vento Diesel Trendline",Hyderabad,2011,108626,Diesel,Manual,First,20.54,1598,103.6,5,0,3.65
313,"Maruti Omni 8 Seater BSIV",Hyderabad,2012,71791,Petrol,Manual,First,14,796,35,5,0,2.05
314,"Honda Brio 1.2 VX MT",Kochi,2012,91931,Petrol,Manual,First,18.5,1198,86.8,5,6.62,3.13
315,"Tata Sumo Delux",Hyderabad,2000,158000,Diesel,Manual,Second,14.07,2956,83.1,7,0,1.5
316,"Tata Indica Vista Aura 1.3 Quadrajet",Pune,2012,91183,Diesel,Manual,First,18,1248,75,5,0,2.85
317,"Maruti Wagon R LXI BS IV",Delhi,2012,65000,Petrol,Manual,First,18.9,998,67.1,5,0,2.65
318,"Mahindra XUV500 W8 4WD",Hyderabad,2015,88428,Diesel,Manual,First,16,2179,140,7,0,10.6
319,"Tata Indigo LS Dicor",Pune,2008,138000,Diesel,Manual,Second,17.1,1396,70,5,0,1.25
320,"Maruti Ertiga Paseo VXI",Mumbai,2018,18000,Petrol,Manual,First,16.02,1373,93.7,7,0,8.25
321,"Honda Accord 2.4 A/T",Mumbai,2011,60000,Petrol,Automatic,First,11.7,2354,177.6,5,0,4.45
322,"Maruti Swift Dzire VDi",Kolkata,2012,48000,Diesel,Manual,First,19.3,1248,73.9,5,0,3.7
323,"Ford Fiesta EXi 1.4 TDCi Ltd",Hyderabad,2009,160000,Diesel,Manual,First,17.8,1399,68,5,0,2.8
324,"Honda City ZX GXi",Kolkata,2008,40000,Petrol,Manual,First,17.7,1497,78,5,0,1.8
325,"Audi A6 2011-2015 2.0 TDI Premium Plus",Kochi,2014,51495,Diesel,Automatic,First,17.68,1968,174.33,5,0,21.95
326,"BMW 6 Series 640d Gran Coupe",Mumbai,2011,30000,Diesel,Automatic,First,9.52,2993,313,4,0,49
328,"Maruti Zen Estilo LXI Green (CNG)",Pune,2008,42496,CNG,Manual,First,26.3,998,67.1,5,0,1.4
329,"Hyundai i20 1.4 CRDi Asta",Pune,2012,83000,Diesel,Manual,First,23,1396,90,5,0,5.5
330,"Hyundai i10 Sportz AT",Bangalore,2009,37000,Petrol,Automatic,Third,16.95,1197,78.9,5,0,2.95
331,"Honda Jazz 1.2 V CVT i VTEC",Kochi,2016,28503,Petrol,Automatic,First,19,1199,88.7,5,0,6.86
332,"Maruti Swift VDI BSIV",Hyderabad,2015,76496,Diesel,Manual,First,25.2,1248,74,5,0,6.15
333,"Hyundai i20 Asta 1.2",Pune,2011,79152,Petrol,Manual,Second,18.5,1197,82.85,5,0,3.3
334,"Volkswagen Polo Petrol Comfortline 1.2L",Kolkata,2011,32000,Petrol,Manual,First,16.47,1198,73.9,5,0,2.55
335,"Maruti Alto LXi",Ahmedabad,2009,35000,Petrol,Manual,First,19.7,796,46.3,5,0,1.5
336,"Toyota Corolla H4",Chennai,2004,105000,Petrol,Automatic,Second,11.3,1794,125,5,0,2.5
337,"Maruti Alto LXi",Chennai,2006,56000,Petrol,Manual,Second,19.7,796,46.3,5,0,1.4
338,"Tata Manza ELAN Quadrajet BS IV",Pune,2012,73000,Diesel,Manual,First,21.12,1248,88.8,5,0,3.4
339,"Maruti Alto LXi",Pune,2012,38000,Petrol,Manual,First,19.7,796,46.3,5,0,2.25
340,"Skoda Octavia Ambition Plus 2.0 TDI AT",Kolkata,2013,775000,Diesel,Automatic,First,19.3,1968,141,5,0,7.5
341,"Toyota Corolla H4",Kolkata,2008,80000,Petrol,Automatic,First,11.3,1794,125,5,0,2.8
342,"Hyundai i20 Asta Option 1.2",Coimbatore,2016,24973,Petrol,Manual,First,18.6,1197,81.83,5,0,7.66
343,"Maruti Vitara Brezza LDi",Chennai,2016,45000,Diesel,Manual,First,24.3,1248,88.5,5,9.12,7.15
344,"Honda City 1.5 V MT",Delhi,2010,87430,Petrol,Manual,First,17,1497,118,5,0,3.5
345,"Tata Indica Vista Aqua 1.3 Quadrajet",Hyderabad,2014,133944,Diesel,Manual,Second,18,1248,75,5,0,3.5
346,"Honda Amaze S i-Dtech",Kolkata,2013,57000,Diesel,Manual,First,25.8,1498,98.6,5,0,3.45
347,"Hyundai EON D Lite Plus",Coimbatore,2016,27904,Petrol,Manual,First,21.1,814,55.2,5,0,3.55
348,"BMW 3 Series Luxury Line",Kochi,2015,30717,Diesel,Automatic,Second,21.76,1995,190,5,58.67,25.99
349,"Hyundai Verna 1.6 SX",Bangalore,2012,80000,Diesel,Manual,First,22.32,1582,126.32,5,0,5.25
350,"Tata Manza Club Class Quadrajet90 LS",Ahmedabad,2013,47304,Diesel,Manual,First,21.02,1248,88.8,5,0,2.9
351,"Skoda Octavia RS",Jaipur,2005,100000,Petrol,Automatic,First,14.45,1984,227,5,28.37,2.05
352,"Maruti Alto K10 VXI",Pune,2017,30000,Petrol,Manual,First,24.07,998,67.1,5,4.48,3.75
353,"Ford Ecosport 1.5 DV5 MT Titanium Optional",Mumbai,2014,68000,Diesel,Manual,First,22.7,1498,89.84,5,0,6.75
354,"Chevrolet Spark 1.0 LS",Kolkata,2011,21000,Petrol,Manual,Second,18,995,62,5,0,0.95
355,"Jaguar XF 2.0 Diesel Portfolio",Hyderabad,2017,21000,Diesel,Automatic,First,19.33,1999,177,5,72.64,52
356,"Honda CR-V RVi MT",Jaipur,2007,119000,Petrol,Manual,Third,13.1,1997,141.1,5,0,3.91
357,"Skoda Superb L&K 1.8 TSI AT",Kochi,2019,13747,Petrol,Automatic,First,14.67,1798,177.46,5,36.15,27.3
358,"Hyundai i10 Magna 1.2",Chennai,2009,620000,Petrol,Manual,First,20.36,1197,78.9,5,0,2.7
359,"Maruti Swift LDI",Delhi,2013,70000,Diesel,Manual,First,22.9,1248,74,5,0,3.5
360,"Maruti Swift Dzire VXi AT",Mumbai,2016,18000,Petrol,Automatic,First,18.5,1197,83.14,5,0,6.2
361,"Nissan Micra Diesel XV",Chennai,2011,83000,Diesel,Manual,First,23.08,1461,63.1,5,0,2.75
362,"Maruti Swift Dzire Tour LDI",Mumbai,2015,130000,Diesel,Manual,First,23.4,1248,74,5,0,3.25
363,"Ford Fiesta Classic 1.4 Duratorq CLXI",Pune,2012,63400,Diesel,Manual,First,17.8,1399,67,5,0,3.25
364,"Maruti Zen LX",Kolkata,2003,65000,Petrol,Manual,First,17.3,993,60,5,0,0.65
365,"Mini Clubman Cooper S",Pune,2017,8350,Petrol,Manual,First,13.8,1998,192,5,44.59,35
366,"Toyota Etios GD",Kolkata,2014,45000,Diesel,Manual,First,23.59,1364,67.05,5,0,3.25
367,"Maruti Alto 800 2016-2019 LXI",Kolkata,2018,26200,Petrol,Manual,First,24.7,796,47.3,5,0,2.9
368,"Maruti Alto VXi",Bangalore,2011,11000,Petrol,Manual,Third,18.9,796,47,5,0,2.9
369,"BMW X5 3.0d",Bangalore,2009,90000,Diesel,Automatic,Second,11,2993,235,5,0,17.75
370,"Nissan Teana XV",Mumbai,2015,74000,Petrol,Automatic,Second,11.07,2496,179.5,5,0,8.25
371,"Hyundai Grand i10 AT Asta",Coimbatore,2015,37081,Petrol,Automatic,First,18.9,1197,82,5,0,5.77
372,"Maruti Vitara Brezza ZDi Plus",Hyderabad,2017,39000,Diesel,Manual,First,24.3,1248,88.5,5,12,9.49
373,"Audi Q7 3.0 TDI Quattro Premium Plus",Mumbai,2008,99000,Diesel,Automatic,Third,12.07,2967,241.4,7,0,12.95
374,"Mercedes-Benz GLA Class 200 CDI",Chennai,2015,38000,Diesel,Automatic,First,17.9,2143,136,5,0,20
375,"Maruti 800 AC",Chennai,2007,72000,Petrol,Manual,Third,16.1,796,37,4,0,1
376,"Renault Duster 85PS Diesel RxL",Chennai,2015,93000,Diesel,Manual,Second,20.45,1461,83.8,5,0,7.1
377,"Toyota Corolla Altis D-4D GL",Mumbai,2017,5900,Diesel,Manual,First,21.43,1364,87.2,5,0,16.5
378,"Mercedes-Benz New C-Class 220",Chennai,2014,25000,Diesel,Manual,First,15.8,2148,170,5,0,26
379,"Maruti Ritz VDi",Hyderabad,2010,68000,Diesel,Manual,Second,21.1,1248,73.9,5,0,3.2
380,"Honda BRV i-VTEC V CVT",Kochi,2017,35676,Petrol,Automatic,First,16,1497,117.3,7,14.65,9.48
381,"Hyundai Xcent 1.1 CRDi Base",Kochi,2015,74310,Diesel,Manual,First,24.4,1120,71,5,0,4
382,"Mercedes-Benz E-Class 2009-2013 E250 CDI Avantgarde",Jaipur,2014,59364,Diesel,Automatic,First,14.21,2143,203,5,0,26.5
383,"Mercedes-Benz B Class B180",Kochi,2014,41380,Petrol,Automatic,Second,14.8,1595,120.7,5,0,11.77
384,"Mercedes-Benz E-Class 2015-2017 E250 Edition E",Bangalore,2017,33900,Diesel,Automatic,First,15,2143,204,5,0,37
385,"Honda City i VTEC VX Option",Mumbai,2016,28000,Petrol,Manual,First,17.8,1497,117.3,5,0,8.75
386,"Hyundai Santro Xing XL eRLX Euro III",Hyderabad,2007,50958,Petrol,Manual,First,17,1086,NULL,5,0,1.95
387,"Honda City 1.5 S MT",Chennai,2011,93982,Petrol,Manual,First,17,1497,118,5,0,3.75
388,"Hyundai Verna Transform VTVT",Pune,2010,95000,Petrol,Manual,First,16.2,1599,103.2,5,0,2.5
389,"Jaguar XE Portfolio",Mumbai,2017,9000,Petrol,Automatic,First,13.5,1999,246.74,5,53.72,34.5
390,"Honda Amaze S i-Vtech",Delhi,2015,52516,Petrol,Manual,First,18,1198,86.7,5,0,4.65
391,"Mini Cooper Convertible 1.6",Bangalore,2015,20000,Petrol,Automatic,First,18.86,1598,122,4,0,32
392,"Mercedes-Benz S Class 2005 2013 S 350 CDI",Coimbatore,2017,56451,Diesel,Automatic,First,13.5,2987,282,5,0,62.81
393,"Hyundai EON Magna Plus",Chennai,2014,37000,Petrol,Manual,First,21.1,814,55.2,5,0,3.25
394,"Maruti Wagon R VXI BS IV",Kolkata,2014,17400,Petrol,Manual,First,20.51,998,67.04,5,0,3.1
395,"Maruti Ritz LDi",Coimbatore,2011,90207,Diesel,Manual,First,21.1,1248,73.9,5,0,3.91
396,"BMW 3 Series 320d Sedan",Chennai,2011,89616,Diesel,Automatic,First,16.07,1995,181,5,0,11
397,"Tata Xenon XT EX 4X2",Pune,2014,85000,Diesel,Manual,First,13.49,2179,138.03,5,0,3.5
398,"Audi A3 35 TDI Attraction",Chennai,2014,79271,Diesel,Automatic,First,20.38,1968,143,5,0,16.5
399,"Land Rover Range Rover 2.2L Dynamic",Hyderabad,2012,56000,Diesel,Automatic,First,12.7,2179,187.7,5,0,30
400,"Mercedes-Benz GL-Class 2007 2012 350 CDI Luxury",Pune,2010,85001,Diesel,Automatic,Second,12,2987,224,7,0,28
401,"Mitsubishi Pajero Sport 4X2 AT DualTone BlackTop",Hyderabad,2018,12000,Diesel,Automatic,First,13.5,2477,175.56,7,33.91,28
402,"Maruti Alto LX",Jaipur,2010,125000,Petrol,Manual,First,19.7,796,46.3,5,0,0.92
403,"Maruti Wagon R LXI BSIII",Pune,2013,53000,Petrol,Manual,First,14,1061,64,5,0,2.75
404,"Land Rover Range Rover 2.2L Prestige",Coimbatore,2017,34990,Diesel,Automatic,First,12.7,2179,187.7,5,0,53.83
405,"Hyundai Verna 1.6 SX VTVT",Pune,2011,49768,Petrol,Manual,Second,17.01,1591,121.3,5,0,4.95
406,"BMW 5 Series 525d Sedan",Hyderabad,2013,56000,Diesel,Automatic,First,16.73,2993,218,5,0,33.5
407,"Jaguar XF Diesel",Bangalore,2013,75000,Diesel,Automatic,First,14.74,2993,270.9,5,0,27.95
408,"Skoda Superb Elegance 1.8 TSI AT",Hyderabad,2010,57000,Petrol,Automatic,First,13.7,1798,157.75,5,0,7.25
409,"Audi Q3 35 TDI Quattro Premium",Kochi,2017,37542,Diesel,Automatic,First,15.73,1968,174.33,5,0,25.71
410,"Land Rover Range Rover 2.2L Pure",Coimbatore,2014,95649,Diesel,Automatic,First,12.7,2179,187.7,5,0,29.67
411,"Mercedes-Benz New C-Class 220 CDI AT",Jaipur,2013,35299,Diesel,Automatic,First,14.84,2143,170,5,0,19
412,"Mahindra Scorpio S10 4WD",Kochi,2017,28464,Diesel,Manual,First,15.4,2179,120,7,0,13.05
413,"BMW 3 Series Luxury Line",Mumbai,2015,41000,Diesel,Automatic,First,21.76,1995,190,5,60.88,25.5
414,"Honda BR-V i-VTEC S MT",Pune,2017,9000,Petrol,Manual,First,15.4,1497,117.3,7,12.51,8.5
415,"Volvo S80 2006-2013 D5",Chennai,2010,92098,Diesel,Automatic,Second,16,2400,215,5,0,7.25
416,"Hyundai Accent GLE",Pune,2005,5834,Petrol,Manual,First,13.2,1495,94,5,0,0.8
417,"Hyundai i20 Active SX Petrol",Jaipur,2017,40250,Petrol,Manual,First,17.19,1197,81.86,5,9.74,6.9
418,"Mercedes-Benz GLC 43 AMG Coupe",Coimbatore,2018,22397,Petrol,Automatic,First,11.5,2996,367,5,95.38,70.99
419,"Hyundai EON Magna Plus",Kolkata,2015,20800,Petrol,Manual,Second,21.1,814,55.2,5,0,2.25
420,"Hyundai Grand i10 SportZ Edition",Kochi,2018,40322,Petrol,Manual,First,18.9,1197,81.86,5,0,5.5
421,"Honda City 1.5 EXI S",Mumbai,2013,52576,Petrol,Manual,First,13,1493,100,5,0,4.35
422,"Volkswagen Polo Petrol Trendline 1.2L",Kolkata,2010,55000,Petrol,Manual,First,16.47,1198,73.9,5,0,2.25
423,"Audi A6 35 TFSI Matrix",Mumbai,2016,47000,Petrol,Automatic,First,15.26,1798,187.74,5,60.59,24.5
424,"Volkswagen Jetta 2007-2011 1.9 L TDI",Hyderabad,2010,42021,Diesel,Manual,First,0,1968,NULL,5,0,5.45
425,"Hyundai Creta 1.6 SX Plus Dual Tone Petrol",Coimbatore,2017,23163,Petrol,Manual,First,15.29,1591,121.3,5,0,12.03
426,"Mercedes-Benz New C-Class C 200 CGI Avantgarde",Mumbai,2011,50000,Petrol,Automatic,Second,11.74,1796,186,5,0,8.5
427,"Mini Cooper Convertible S",Mumbai,2014,11900,Petrol,Automatic,First,16.82,1998,189.08,4,44.28,28.5
428,"Hyundai Santro Xing XO eRLX Euro II",Pune,2006,108000,Petrol,Manual,Second,17,1086,NULL,5,0,1.2
429,"Toyota Etios VD",Bangalore,2013,37000,Diesel,Manual,First,23.59,1364,67.04,5,0,5.75
430,"Honda Brio S MT",Delhi,2014,30000,Petrol,Manual,Second,19.4,1198,86.8,5,0,3.2
431,"Maruti Baleno Alpha Automatic",Coimbatore,2018,12831,Petrol,Automatic,First,21.4,1197,83.1,5,0,9.89
432,"Skoda Laura Ambiente 2.0 TDI CR AT",Coimbatore,2012,143017,Diesel,Automatic,First,20,1968,138.1,5,0,6.58
433,"Hyundai EON Era Plus",Kochi,2018,13102,Petrol,Manual,First,21.1,814,55.2,5,0,4.06
434,"Renault Captur 1.5 Diesel RXL",Coimbatore,2019,24950,Diesel,Manual,First,20.37,1461,108.45,5,0,13.37
435,"BMW 5 Series 2003-2012 GT 530d LE",Coimbatore,2011,57832,Diesel,Automatic,First,16.2,2993,258,5,0,25.82
436,"Maruti Alto 800 LXI",Kochi,2016,34267,Petrol,Manual,First,22.74,796,47.3,5,0,3.74
437,"Volvo V40 D3",Bangalore,2015,33000,Diesel,Automatic,Second,16.8,1984,150,5,0,22
438,"Maruti Wagon R LXI BSII",Ahmedabad,2007,55100,Petrol,Manual,First,18.9,998,67.1,5,0,1.45
439,"Honda City ZX GXi",Kolkata,2008,40000,Petrol,Manual,First,17.7,1497,78,5,0,2
440,"Maruti Eeco 5 STR With AC Plus HTR CNG",Kochi,2017,31841,CNG,Manual,First,15.1,1196,73,5,0,4.7
441,"Chevrolet Enjoy 1.4 LS 8",Kolkata,2014,15000,Petrol,Manual,First,13.7,1399,98.79,8,0,3.75
442,"Mahindra Bolero ZLX",Coimbatore,2016,82756,Diesel,Manual,First,15.96,2523,62.1,7,11.28,7.7
443,"Hyundai Santro GLS I - Euro I",Coimbatore,2012,50243,Petrol,Manual,First,0,1086,NULL,5,0,3.35
444,"Hyundai EON D Lite",Hyderabad,2014,20600,Petrol,Manual,First,21.1,814,55.2,5,0,2.6
445,"Hyundai Creta 1.6 SX Plus Petrol Automatic",Coimbatore,2017,29952,Petrol,Automatic,First,13,1591,121.3,5,0,13.77
446,"Volkswagen Vento 1.6 Comfortline",Mumbai,2017,15000,Petrol,Manual,Second,16.09,1598,103.5,5,11.48,7.1
447,"Honda Civic 2006-2010 1.8 S AT",Pune,2008,61938,Petrol,Automatic,Second,12.9,1799,130,5,0,2.65
448,"Tata Indica Vista Quadrajet LS",Hyderabad,2014,67000,Diesel,Manual,First,22.3,1248,74,5,0,2.5
449,"Mahindra XUV500 W8 2WD",Kochi,2013,61672,Diesel,Manual,First,16,2179,140,7,0,7.53
450,"Hyundai i20 1.2 Asta Option",Coimbatore,2017,26185,Petrol,Manual,First,18.6,1197,81.83,5,0,7.98
451,"Audi Q5 30 TDI quattro Premium Plus",Bangalore,2014,38000,Diesel,Automatic,Second,14.16,1968,174.3,5,0,39
452,"Maruti Ritz VXi",Chennai,2011,67000,Petrol,Manual,Second,18.5,1197,85.8,5,0,2.25
453,"Mitsubishi Cedia Sports",Chennai,2010,66000,Petrol,Manual,Second,13.17,1999,114,5,0,3.85
454,"Toyota Innova 2.5 V Diesel 7-seater",Hyderabad,2015,80883,Diesel,Manual,First,12.8,2494,102,7,0,13.5
455,"Maruti Celerio LDi",Hyderabad,2016,80219,Diesel,Manual,First,27.62,793,47,5,0,3.5
456,"Maruti S-Cross Delta DDiS 200 SH",Delhi,2018,12923,Diesel,Manual,First,25.1,1248,88.5,5,11.26,8.92
457,"Audi Q3 35 TDI Quattro Premium Plus",Coimbatore,2016,86642,Diesel,Automatic,First,15.17,1968,181,5,43.65,20.37
458,"BMW 3 Series Luxury Line",Bangalore,2016,19235,Diesel,Automatic,First,21.76,1995,190,5,62.07,36.5
459,"Audi Q7 4.2 TDI Quattro Technology",Coimbatore,2016,51002,Diesel,Automatic,First,11.33,4134,335.2,7,0,48.91
460,"Hyundai i20 2015-2017 Asta 1.2",Pune,2016,6800,Petrol,Manual,First,18.6,1197,81.83,5,0,7.2
461,"Renault Duster 110PS Diesel RxL",Hyderabad,2012,82749,Diesel,Manual,First,19.01,1461,108.45,5,0,5.99
462,"Hyundai Xcent 1.1 CRDi S Celebration Edition",Pune,2016,51000,Diesel,Manual,First,24.4,1120,71,5,0,5.25
463,"Ford Ecosport 1.5 DV5 MT Titanium",Delhi,2014,31465,Diesel,Manual,First,22.7,1498,89.84,5,0,6.5
464,"Volkswagen Polo Petrol Trendline 1.2L",Hyderabad,2013,76476,Petrol,Manual,First,16.47,1198,73.9,5,0,4.4
465,"Hyundai Grand i10 CRDi Magna",Kolkata,2017,14000,Diesel,Manual,First,24,1120,70,5,0,4.6
466,"Tata Manza Aqua Quadrajet BS IV",Ahmedabad,2013,47000,Diesel,Manual,First,21.12,1248,88.8,5,0,2.95
467,"Honda City 1.5 V MT",Kolkata,2011,48466,Petrol,Manual,First,17,1497,118,5,0,3.26
468,"Hyundai Santro Xing GLS",Bangalore,2008,46000,Petrol,Manual,Second,17.92,1086,62.1,5,0,2.22
469,"Toyota Innova 2.5 VX (Diesel) 7 Seater",Hyderabad,2012,162663,Diesel,Manual,First,12.99,2494,100,7,0,10.5
470,"Maruti Ciaz 1.3 S",Coimbatore,2017,25142,Diesel,Manual,First,28.09,1248,88.5,5,0,8.26
471,"Toyota Fortuner 4x4 MT TRD Sportivo",Delhi,2013,69000,Diesel,Manual,First,12.55,2982,169,7,0,14.45
472,"Ford Fiesta 1.6 SXI ABS Duratec",Chennai,2009,80524,Petrol,Manual,Second,15.3,1596,NULL,5,0,2.5
473,"Mercedes-Benz E-Class E 220 d",Kochi,2018,26405,Petrol,Automatic,First,12.6,1950,191.34,5,86.97,51.43
474,"Mercedes-Benz New C-Class 220 CDI MT",Chennai,2014,45000,Diesel,Manual,First,15.8,2148,170,5,0,23
475,"Skoda Yeti Ambition 4X2",Kolkata,2012,64284,Diesel,Manual,First,17.72,1968,108.49,5,0,5.5
476,"Hyundai Grand i10 Sportz",Delhi,2015,27000,Petrol,Manual,First,18.9,1197,82,5,0,4.5
477,"Ford Figo 2015-2019 1.2P Titanium MT",Hyderabad,2018,3678,Petrol,Manual,First,18.16,1196,86.8,5,0,6.8
478,"Skoda Octavia Ambition 1.4 TSI MT",Mumbai,2013,21000,Petrol,Manual,First,16.8,1395,138.02,5,0,8.75
479,"Renault Duster 85PS Diesel RxL Option",Mumbai,2015,67000,Diesel,Manual,Second,19.87,1461,83.8,5,0,7
480,"Land Rover Range Rover Evoque 2.0 TD4 Pure",Delhi,2015,24000,Diesel,Automatic,Second,15.68,1999,177,5,0,33.5
481,"Ford Figo Diesel EXI",Chennai,2011,75000,Diesel,Manual,Second,20,1399,68,5,0,2.25
482,"Ford Endeavour Hurricane Limited Edition",Hyderabad,2008,179000,Diesel,Automatic,Second,12.8,2953,156,7,0,4.24
483,"Toyota Fortuner 4x4 MT",Coimbatore,2017,47198,Diesel,Manual,First,12.55,2982,168.5,7,0,28.42
484,"Volkswagen Polo Diesel Comfortline 1.2L",Kolkata,2012,52000,Diesel,Manual,First,22.07,1199,73.9,5,0,2.75
485,"Maruti Ritz VDi",Jaipur,2011,91000,Diesel,Manual,First,23.2,1248,73.94,5,0,3
486,"Nissan Micra Diesel XV Premium",Pune,2013,60000,Diesel,Manual,First,23.08,1461,63.1,5,0,3.55
487,"Hyundai Verna 1.6 SX",Kolkata,2013,37873,Diesel,Manual,First,22.32,1582,126.32,5,0,4.8
488,"BMW 5 Series 2003-2012 523i",Kolkata,2011,31000,Petrol,Automatic,First,10.8,2497,150,5,0,13.5
490,"Honda CR-V 2.4L 4WD AT",Hyderabad,2004,78000,Petrol,Automatic,First,12,2354,187.4,5,0,3.99
491,"Hyundai Creta 1.6 CRDi AT SX Plus",Bangalore,2016,32000,Diesel,Automatic,First,17.01,1582,126.2,5,0,15.5
492,"Hyundai i10 Era",Jaipur,2010,59000,Petrol,Manual,Second,19.81,1086,68.05,5,0,2.32
493,"Mercedes-Benz A Class A200 CDI Sport",Kochi,2016,35437,Diesel,Automatic,First,20,2143,136,5,0,18.58
494,"Maruti Ertiga VXI",Jaipur,2014,98000,Petrol,Manual,First,16.02,1373,93.7,7,0,5.5
495,"Skoda Octavia Classic 1.9 TDI MT",Chennai,2006,72000,Diesel,Manual,Second,18.7,1896,66,5,0,3.2
496,"Honda Amaze VX i-Vtech",Pune,2015,79000,Petrol,Manual,First,18,1198,86.7,5,0,4
497,"Maruti Zen LXi BSII",Chennai,2004,29000,Petrol,Manual,First,17.3,993,60,5,0,1.6
498,"Maruti SX4 ZXI MT BSIV",Kochi,2013,66012,Petrol,Manual,First,15.5,1586,103.3,5,0,4.15
499,"Honda Brio VX AT",Mumbai,2014,35000,Petrol,Automatic,First,16.5,1198,86.8,5,0,4.25
500,"Maruti Wagon R VXI",Ahmedabad,2011,75000,Petrol,Manual,First,18.9,998,67.1,5,0,2.6
501,"Toyota Camry A/T",Mumbai,2008,80000,Petrol,Automatic,Second,12.1,2362,164.7,5,0,3.43
502,"Chevrolet Beat LS",Kochi,2012,32717,Petrol,Manual,First,18.6,1199,79.4,5,0,2.55
503,"Toyota Fortuner 4x4 AT",Delhi,2017,25000,Diesel,Automatic,First,12.55,2982,168.5,7,0,32
504,"Ford Ecosport 1.5 DV5 MT Titanium Optional",Mumbai,2014,79000,Diesel,Manual,First,22.7,1498,89.84,5,0,6.25
505,"Maruti Swift Vdi BSIII",Hyderabad,2010,86000,Diesel,Manual,Second,17.8,1248,75,5,0,3.6
506,"Mercedes-Benz S Class 2005 2013 S 350 CDI",Pune,2010,137000,Diesel,Automatic,First,13.5,2987,282,5,0,18.5
507,"Honda Mobilio S i VTEC",Mumbai,2015,25000,Petrol,Manual,Second,17.3,1497,117.3,7,0,4.25
508,"Hyundai Grand i10 Sportz",Mumbai,2017,8500,Petrol,Manual,Second,18.9,1197,82,5,0,4.8
509,"Mahindra XUV500 AT W8 FWD",Bangalore,2015,34000,Diesel,Automatic,First,16,2179,140,7,0,13
510,"Skoda Fabia 1.6 MPI Elegance",Pune,2012,41629,Petrol,Manual,Second,14.83,1598,105,5,0,2.25
511,"Hyundai Santro Xing GLS",Hyderabad,2009,80227,Petrol,Manual,First,17.92,1086,62.1,5,0,2.3
512,"Hyundai Creta 1.6 SX Plus Dual Tone Petrol",Kochi,2019,8587,Petrol,Manual,First,15.29,1591,121.3,5,0,13.56
513,"Mahindra Scorpio 1.99 S8",Delhi,2017,30000,Diesel,Manual,First,15.4,1997,120,7,0,12.25
514,"Skoda Rapid 1.6 TDI Ambition",Pune,2013,64186,Diesel,Manual,First,20.5,1598,103.5,5,0,3.76
515,"Renault Duster 110PS Diesel RxZ",Coimbatore,2015,76427,Diesel,Manual,First,19.01,1461,108.45,5,0,8.58
516,"BMW X5 xDrive 30d",Hyderabad,2011,75000,Diesel,Automatic,First,11.7,2993,245,5,0,27.5
517,"Toyota Etios G",Coimbatore,2013,27075,Petrol,Manual,First,17.6,1496,88.73,5,0,4.95
518,"Maruti Wagon R LXI",Ahmedabad,2012,30000,Petrol,Manual,First,22.5,998,67.04,5,4.74,3.3
519,"Hyundai Creta 1.6 SX",Chennai,2016,69434,Petrol,Manual,First,15.8,1591,121.3,5,14.84,8
520,"Maruti Celerio VXI",Jaipur,2014,56000,Petrol,Manual,First,23.1,998,67.04,5,0,2.79
521,"Land Rover Range Rover HSE Dynamic",Coimbatore,2017,49275,Diesel,Automatic,First,12.7,2179,187.7,5,0,45.64
522,"Chevrolet Beat LT",Pune,2014,8700,Petrol,Manual,First,18.6,1199,76.8,5,0,2.55
523,"Tata Nano Twist XT",Ahmedabad,2014,18000,Petrol,Manual,Second,25.4,624,37.5,4,0,1
524,"Audi A6 2011-2015 35 TDI Technology",Coimbatore,2017,41041,Diesel,Automatic,First,17.68,1968,174.33,5,0,37.56
525,"Mercedes-Benz E-Class 280 CDI",Kochi,2009,80464,Diesel,Automatic,Second,11,2987,198.5,5,0,9.29
526,"Maruti Swift VXI",Kochi,2019,20667,Petrol,Manual,First,22,1197,81.8,5,0,6.37
527,"Fiat Linea T Jet",Coimbatore,2013,60283,Petrol,Manual,First,14.6,1368,112,5,0,2.98
528,"Maruti Swift VXI Optional",Kochi,2017,31696,Petrol,Manual,First,20.4,1197,81.8,5,0,5.75
529,"Toyota Fortuner 3.0 Diesel",Hyderabad,2010,100000,Diesel,Manual,First,11.5,2982,171,7,0,13
530,"Maruti Ertiga ZXI",Mumbai,2014,13361,Petrol,Manual,First,16.02,1373,93.7,7,0,6.8
531,"BMW 3 Series 320i Sedan",Coimbatore,2010,48394,Petrol,Automatic,First,12.05,1995,154,5,0,10.49
532,"Maruti Ertiga VXI",Jaipur,2014,47399,Petrol,Manual,First,16.02,1373,93.7,7,0,5.6
533,"Honda City 1.5 V AT",Mumbai,2010,69000,Petrol,Automatic,Second,16.8,1497,118,5,0,2.85
534,"Hyundai Santa Fe 4X4",Coimbatore,2013,65278,Diesel,Manual,First,14.66,2199,194.3,7,0,8.36
535,"Tata Indigo LS",Jaipur,2005,108000,Diesel,Manual,First,17,1405,70,5,0,1
536,"Mercedes-Benz E-Class 2009-2013 E 250 Elegance",Kolkata,2010,50645,Petrol,Automatic,Second,10.93,2497,204,5,0,10.75
537,"Maruti Swift Dzire LDi",Hyderabad,2011,130002,Diesel,Manual,First,19.3,1248,73.9,5,0,3.85
538,"Ford Fiesta Classic 1.4 Duratorq CLXI",Hyderabad,2012,107000,Diesel,Manual,First,17.8,1399,67,5,0,3
539,"Honda City i VTEC CVT VX",Coimbatore,2015,41950,Petrol,Automatic,First,18,1497,117.3,5,0,9.6
540,"Toyota Fortuner 4x2 Manual",Delhi,2012,109000,Diesel,Manual,First,13,2982,168.5,7,0,13.25
541,"Honda Amaze VX O i VTEC",Mumbai,2016,9000,Petrol,Manual,First,18,1198,86.7,5,0,5.75
542,"Hyundai i20 Asta 1.4 CRDi",Delhi,2014,43900,Diesel,Manual,First,22.54,1396,88.73,5,0,6.75
543,"Chevrolet Enjoy TCDi LTZ 7 Seater",Bangalore,2013,64000,Diesel,Manual,Second,18.2,1248,73.8,7,0,4.85
544,"Mercedes-Benz New C-Class Progressive C 200",Kochi,2019,13190,Petrol,Automatic,First,0,1950,181.43,5,49.49,38.99
545,"Maruti SX4 ZXI AT Leather",Mumbai,2009,77652,Petrol,Automatic,First,12.6,1586,103.2,5,0,2.85
546,"Toyota Innova 2.5 VX (Diesel) 7 Seater",Mumbai,2012,55000,Diesel,Manual,First,12.99,2494,100,7,0,9.51
547,"BMW 5 Series 2003-2012 520d",Ahmedabad,2012,59900,Diesel,Automatic,Second,18.48,1995,177,5,0,18.5
548,"Renault Duster 110PS Diesel RxZ",Delhi,2015,73539,Diesel,Manual,First,19.01,1461,108.45,5,0,6.75
549,"BMW X1 sDrive 20d xLine",Coimbatore,2017,31645,Diesel,Automatic,First,20.68,1995,190,5,48.18,29.4
550,"Honda City ZX GXi",Kochi,2009,69690,Petrol,Manual,First,17.7,1497,78,5,0,3.29
551,"Maruti Ciaz RS ZDi Plus SHVS",Delhi,2016,41000,Diesel,Manual,First,28.09,1248,88.5,5,0,9.5
552,"Maruti Swift Dzire VXi",Pune,2010,109200,Petrol,Manual,Second,17.5,1298,85.8,5,0,2.2
553,"Mahindra XUV500 W6 2WD",Pune,2012,80000,Diesel,Manual,First,15.1,2179,140,7,0,6.5
554,"Honda Civic 2006-2010 1.8 S MT",Ahmedabad,2007,51000,Petrol,Manual,First,13.5,1799,130,5,0,4.9
555,"Maruti Ertiga ZDI",Pune,2013,105000,Diesel,Manual,Second,25.47,1248,88.5,7,12.34,6.75
556,"Toyota Etios Liva GD",Chennai,2013,179000,Diesel,Manual,First,23.59,1364,67.04,5,0,3.8
557,"Audi TT 2.0 TFSI",Delhi,2013,12100,Petrol,Automatic,First,9.9,1984,207.8,2,0,29.5
558,"Skoda Rapid 1.5 TDI Style",Hyderabad,2017,31000,Diesel,Manual,First,21.13,1498,108.4,5,15.38,10.5
559,"Volkswagen Polo 1.5 TDI Highline",Hyderabad,2015,50000,Diesel,Manual,First,20.14,1498,88.8,5,0,6.2
560,"Skoda Laura 1.9 TDI AT Elegance",Jaipur,2009,48000,Diesel,Automatic,First,17,1896,105,5,0,5
561,"Mahindra Renault Logan 1.5 DLE Diesel",Chennai,2007,35000,Diesel,Manual,First,19.2,1461,65,5,0,2.3
562,"Toyota Innova Crysta 2.8 GX AT",Ahmedabad,2016,100200,Diesel,Automatic,First,11.36,2755,171.5,7,19.21,17
563,"BMW 3 Series 320d Luxury Line",Bangalore,2014,47000,Diesel,Automatic,First,18.88,1995,184,5,0,25.5
564,"Honda Jazz 1.5 S i DTEC",Jaipur,2015,63642,Diesel,Manual,First,27.3,1498,98.6,5,0,5.65
565,"Honda Amaze VX i-DTEC",Kochi,2015,62550,Diesel,Manual,First,25.8,1498,98.6,5,0,5.6
566,"Jaguar XF 2.2 Litre Luxury",Kochi,2015,37340,Diesel,Automatic,First,16.36,2179,187.7,5,0,29.98
567,"Maruti Swift Dzire VDI",Coimbatore,2016,38461,Diesel,Manual,First,26.59,1248,74,5,0,7.39
568,"Jeep Compass 2.0 Limited",Jaipur,2018,29000,Diesel,Manual,First,17.1,1956,170,5,22.95,19
569,"Toyota Corolla Altis 1.8 Sport",Pune,2010,31000,Petrol,Manual,First,12.5,1794,132,5,0,5
570,"Honda City 1.5 V MT",Kolkata,2011,42086,Petrol,Manual,First,17,1497,118,5,0,3.35
571,"Maruti Swift ZXI",Chennai,2013,49000,Petrol,Manual,First,18.6,1197,85.8,5,0,4.45
572,"Hyundai Verna 1.6 SX CRDI (O) AT",Coimbatore,2019,77240,Diesel,Automatic,First,22.32,1582,126.32,5,0,8.31
573,"Mahindra Bolero ZLX",Jaipur,2012,105000,Diesel,Manual,Second,15.96,2523,62.1,7,11.15,6
574,"Maruti Swift VDI",Chennai,2014,35000,Diesel,Manual,First,22.9,1248,74,5,0,5.25
575,"Hyundai Santro Xing XO",Chennai,2006,83072,Petrol,Manual,First,17,1086,NULL,5,0,1.4
576,"Audi A6 2011-2015 2.0 TDI Premium Plus",Hyderabad,2012,202082,Diesel,Automatic,First,17.68,1968,174.33,5,0,12.3
577,"Ford Ikon 1.3 LXi NXt",Chennai,2004,129000,Petrol,Manual,Third,13.8,1299,70,5,0,1.5
578,"Volkswagen Polo 1.5 TDI Highline",Coimbatore,2018,33558,Diesel,Manual,First,20.14,1498,88,5,10.32,8.12
579,"Mahindra Bolero VLX CRDe",Coimbatore,2012,60271,Diesel,Manual,First,13.6,2523,63,7,0,6.12
580,"Honda City i DTEC VX Option",Coimbatore,2017,45366,Diesel,Manual,First,25.1,1498,98.6,5,0,10.88
581,"Chevrolet Sail Hatchback 1.2 LS",Kolkata,2014,9500,Petrol,Manual,First,18.2,1199,82.5,5,0,3.5
582,"Hyundai i20 1.2 Spotz",Kochi,2016,42362,Petrol,Manual,First,18.6,1197,81.83,5,0,6.15
583,"BMW X1 sDrive 20d Sportline",Chennai,2016,21000,Diesel,Automatic,First,17.05,1995,184,5,0,33
584,"BMW X1 sDrive 20d Exclusive",Mumbai,2012,15200,Diesel,Automatic,First,15.06,1995,177,5,0,13.5
585,"Toyota Fortuner 4x2 AT",Mumbai,2015,43690,Diesel,Automatic,First,12.55,2982,168.5,7,0,17.11
586,"Audi Q7 4.2 TDI Quattro Technology",Kochi,2014,79926,Diesel,Automatic,First,11.33,4134,335.2,7,0,29.77
587,"Maruti Ertiga VDI",Kolkata,2013,53073,Diesel,Manual,First,20.77,1248,88.76,7,0,5.95
588,"Hyundai i20 1.2 Magna",Bangalore,2015,59000,Petrol,Manual,First,18.5,1197,80,5,0,5.75
589,"Mercedes-Benz S Class 2005 2013 S 350 L",Bangalore,2006,47088,Petrol,Automatic,Second,10.13,3498,364.9,5,0,19
590,"Renault Duster 85PS Diesel RxL",Ahmedabad,2014,55000,Diesel,Manual,First,20.45,1461,83.8,5,0,4.75
591,"Mahindra Quanto C2",Hyderabad,2013,80430,Diesel,Manual,Second,17.21,1493,100,7,0,3.3
592,"Toyota Fortuner 4x2 AT",Delhi,2013,71932,Diesel,Automatic,First,12.55,2982,168.5,7,0,16.5
593,"BMW X5 2014-2019 xDrive 30d Design Pure Experience 7 Seater",Mumbai,2014,19000,Diesel,Automatic,First,15.97,2993,258,7,0,44
594,"Maruti Swift Dzire VDi",Hyderabad,2011,81759,Diesel,Manual,First,19.3,1248,73.9,5,0,4.39
595,"Maruti Swift LDI Optional",Kochi,2018,52010,Diesel,Manual,First,25.2,1248,74,5,0,6.2
596,"Audi A6 2011-2015 35 TFSI Technology",Kochi,2016,58953,Petrol,Automatic,First,13.53,1984,177.01,5,0,24.22
597,"Mitsubishi Pajero 2.8 SFX BSIV Dual Tone",Mumbai,2008,93000,Diesel,Manual,Third,10.5,2835,107.2,6,0,5.45
598,"Jaguar XF 2.2 Litre Executive",Delhi,2016,10000,Diesel,Automatic,First,16.36,2179,187.7,5,0,44
599,"Toyota Innova Crysta 2.8 ZX AT",Coimbatore,2019,40674,Diesel,Automatic,First,11.36,2755,171.5,7,28.05,24.82
600,"Skoda Octavia Ambition 2.0 TDI AT",Mumbai,2015,50000,Diesel,Automatic,First,19.3,1968,141,5,0,11.69
601,"Toyota Corolla Altis VL AT",Bangalore,2018,1331,Petrol,Automatic,First,14.28,1798,138.03,5,0,20
602,"Maruti Omni 8 Seater BSII",Pune,2010,60000,Petrol,Manual,First,19.7,796,35,8,0,1.45
603,"Mercedes-Benz GLC 220d 4MATIC Style",Mumbai,2018,10003,Diesel,Automatic,First,17.9,2143,170,5,59.77,48.5
604,"Volkswagen Vento 1.5 TDI Highline AT",Mumbai,2016,25000,Diesel,Automatic,First,21.5,1498,108.5,5,15.86,9.45
605,"Mahindra XUV500 W10 2WD",Ahmedabad,2015,73000,Diesel,Manual,First,16,2179,140,7,0,12.5
606,"Nissan Terrano XL 85 PS",Hyderabad,2014,59962,Diesel,Manual,First,20.45,1461,83.8,5,0,6.9
607,"Hyundai Verna 1.6 SX CRDi (O)",Jaipur,2012,72000,Diesel,Manual,Second,22.32,1582,126.32,5,0,5.8
608,"BMW 5 Series 2013-2017 530d M Sport",Coimbatore,2016,20967,Diesel,Automatic,First,14.69,2993,258,5,0,44.56
609,"Mahindra Scorpio S4 Plus",Bangalore,2015,35000,Diesel,Manual,Second,15.4,2179,120,7,0,8.5
610,"Hyundai Verna 1.6 CRDi SX",Coimbatore,2017,38056,Diesel,Manual,First,23.9,1582,126.2,5,0,10.7
611,"Audi Q7 3.0 TDI Quattro Premium Plus",Pune,2009,94000,Diesel,Automatic,Second,12.07,2967,241.4,7,0,12
612,"Chevrolet Aveo U-VA 1.2 LT",Coimbatore,2010,64236,Petrol,Manual,First,14.7,1150,76,5,0,2.44
613,"Mahindra Bolero ZLX BSIII",Kolkata,2000,124000,Diesel,Manual,First,13.6,2523,63,7,0,1.95
614,"Hyundai Xcent 1.2 Kappa S",Mumbai,2014,7400,Petrol,Manual,First,19.1,1197,82,5,0,4.35
615,"Toyota Innova Crysta 2.4 GX MT 8S",Hyderabad,2017,52000,Diesel,Manual,First,13.68,2393,147.8,8,19.43,17.5
616,"Hyundai EON Era Plus",Hyderabad,2015,68764,Petrol,Manual,First,21.1,814,55.2,5,0,2.9
617,"Volkswagen Polo Diesel Comfortline 1.2L",Delhi,2013,64000,Diesel,Manual,First,22.07,1199,73.9,5,0,2.9
618,"Maruti Vitara Brezza ZDi",Pune,2016,21558,Diesel,Manual,First,24.3,1248,88.5,5,10.65,8.9
619,"BMW 3 Series 320d Prestige",Mumbai,2013,37500,Diesel,Automatic,First,18.88,1995,184,5,0,16.75
620,"Hyundai EON Sportz",Coimbatore,2016,14077,Petrol,Manual,First,21.1,814,55.2,5,0,3.95
621,"Honda City 1.5 S MT",Mumbai,2009,70000,Petrol,Manual,First,17,1497,118,5,0,2.1
622,"Honda Accord 2.4 MT",Kochi,2011,54316,Petrol,Manual,Second,12.8,2354,177.6,5,0,4.29
623,"Mahindra Xylo E8",Hyderabad,2009,90764,Diesel,Manual,First,14,2498,112,8,0,3.85
624,"BMW 3 Series 320d",Chennai,2009,137000,Diesel,Automatic,Second,13.2,1995,170,5,0,9
625,"Honda City V MT",Pune,2013,127000,Petrol,Manual,Second,16.8,1497,116.3,5,0,4.5
626,"Mahindra XUV500 W10 2WD",Kochi,2016,51884,Diesel,Manual,First,16,2179,140,7,0,12.46
627,"Hyundai i20 Asta 1.4 CRDi",Delhi,2014,67407,Diesel,Manual,First,21.27,1396,88.76,5,0,4.65
628,"Toyota Fortuner 4x2 Manual",Hyderabad,2014,107825,Diesel,Manual,First,13,2982,168.5,7,0,20.5
629,"Mahindra Bolero DI BSII",Chennai,2006,82453,Diesel,Manual,First,13.6,2523,63,8,0,2.9
630,"Maruti Esteem Vxi - BSIII",Chennai,2007,30441,Petrol,Manual,First,15.9,1298,85,5,0,1.45
631,"Hyundai Santro LS zipPlus",Chennai,2002,70000,Petrol,Manual,Third,0,1086,NULL,5,0,0.65
632,"Mini Cooper 5 DOOR D",Mumbai,2016,11000,Diesel,Automatic,First,20.7,1496,113.98,5,42.12,29.5
633,"Audi Q3 35 TDI Quattro Premium",Hyderabad,2015,61000,Diesel,Automatic,First,15.73,1968,174.33,5,0,25
634,"Hyundai i20 Sportz Option",Delhi,2013,48454,Petrol,Manual,Second,17,1197,80,5,0,3.5
635,"Tata Safari Storme VX Varicor 400",Jaipur,2017,37000,Diesel,Manual,First,14.1,2179,154,7,16.95,11.25
636,"Honda BR-V i-DTEC VX MT",Kochi,2017,32249,Diesel,Manual,First,21.9,1498,98.6,7,15.45,10.79
637,"Volkswagen Jetta 2013-2015 2.0L TDI Highline",Kolkata,2013,58000,Diesel,Manual,First,19.33,1968,138.03,5,0,5.9
638,"Hyundai Xcent 1.2 Kappa S Option",Jaipur,2017,28360,Petrol,Manual,First,19.1,1197,81.86,5,0,5.12
639,"Maruti Ignis 1.2 Alpha",Mumbai,2017,7000,Petrol,Manual,First,20.89,1197,81.8,5,7.87,5.7
640,"BMW 5 Series 2013-2017 520d Luxury Line",Coimbatore,2016,19658,Diesel,Automatic,First,18.12,1995,190,5,0,35.84
641,"Ford Ikon 1.3 CLXi",Hyderabad,2007,92000,Petrol,Manual,First,13.8,1299,70,5,0,1.25
642,"Hyundai i10 Sportz",Kolkata,2013,25000,Petrol,Manual,First,20.36,1197,78.9,5,0,2.65
643,"Hyundai Verna 1.6 CRDI",Coimbatore,2016,37882,Diesel,Manual,First,22.32,1582,126.3,5,0,9.19
644,"BMW 3 Series 320d Highline",Bangalore,2014,69330,Diesel,Automatic,First,16.07,1995,181,5,0,23.5
645,"Mercedes-Benz E-Class 2009-2013 E200 CGI Blue Efficiency",Delhi,2011,61000,Petrol,Automatic,First,12.3,1796,185,5,0,12.5
646,"Chevrolet Beat Option Pack",Kolkata,2010,35000,Petrol,Manual,Second,18.6,1199,79.4,5,0,1.5
647,"Hyundai Santro Xing XP",Jaipur,2004,200000,Petrol,Manual,First,0,1086,NULL,5,0,0.8
648,"Tata Indica DLS",Jaipur,2009,82000,Diesel,Manual,Second,13.5,1405,NULL,5,0,0.75
649,"Mahindra XUV500 W8 2WD",Delhi,2012,72450,Diesel,Manual,First,15.1,2179,140,7,0,8.1
650,"Maruti Ciaz ZDi Plus SHVS",Jaipur,2017,36381,Diesel,Manual,First,28.09,1248,88.5,5,0,9.75
651,"Mercedes-Benz New C-Class C 250 CDI Avantgarde",Coimbatore,2017,25559,Diesel,Automatic,First,19.71,2143,201.15,5,0,37.93
652,"Honda City ZX CVT",Chennai,2005,100000,Petrol,Automatic,Third,16.4,1497,78,5,0,1.96
653,"Toyota Fortuner 4x2 4 Speed AT",Jaipur,2015,94000,Diesel,Automatic,First,11.5,2982,169,7,0,20.5
654,"Maruti Alto K10 VXI",Bangalore,2011,64357,Petrol,Manual,First,24.07,998,67.1,5,4.7,2.75
655,"Jaguar XJ 2.0L Portfolio",Mumbai,2017,10501,Petrol,Automatic,First,9.43,1999,237.4,5,0,75
656,"Hyundai i20 1.4 Magna ABS",Chennai,2009,47000,Diesel,Manual,First,21.9,1396,90,5,0,2.8
657,"Honda BRV i-VTEC V CVT",Mumbai,2017,18000,Petrol,Automatic,First,16,1497,117.3,7,15.02,9.25
658,"Toyota Corolla Executive (HE)",Chennai,2007,89000,Petrol,Manual,First,13.4,1794,125,5,0,3
659,"Audi A6 2011-2015 2.0 TDI Premium Plus",Coimbatore,2014,49964,Diesel,Automatic,First,17.68,1968,174.33,5,0,23.89
660,"Toyota Innova 2.5 ZX Diesel 7 Seater BSIII",Mumbai,2014,35000,Diesel,Manual,First,12.99,2494,100.6,7,0,12.75
661,"Hyundai Grand i10 CRDi Sportz",Jaipur,2014,64000,Diesel,Manual,First,24,1120,70,5,0,4.15
662,"Volkswagen Vento IPL II Petrol Highline AT",Mumbai,2013,36000,Petrol,Automatic,First,14.8,1598,105,5,0,4.65
663,"Toyota Innova 2.5 VX (Diesel) 7 Seater BS IV",Delhi,2012,78600,Diesel,Manual,First,12.8,2494,102,7,0,8.9
664,"Hyundai Verna CRDi SX",Jaipur,2008,170000,Diesel,Manual,Second,16.8,1493,110,5,0,1.5
665,"Maruti Ritz VDi",Pune,2015,65000,Diesel,Manual,Second,23.2,1248,73.94,5,0,3.27
666,"Audi Q7 3.0 TDI Quattro Technology",Pune,2008,120300,Diesel,Automatic,Second,12.07,2967,241.4,7,0,18
667,"Hyundai i20 Asta Option 1.2",Pune,2016,21000,Petrol,Manual,First,18.6,1197,81.83,5,0,6.3
668,"Maruti Vitara Brezza ZDi Plus Dual Tone",Coimbatore,2017,18108,Diesel,Manual,First,24.3,1248,88.5,5,12.56,11.31
669,"Honda City i VTEC S",Pune,2014,58407,Petrol,Manual,First,17.4,1497,117.3,5,0,6.16
670,"Maruti Ciaz ZXi",Pune,2014,49500,Petrol,Manual,First,20.73,1373,91.1,5,0,6
671,"Nissan Sunny XV CVT",Kochi,2013,37199,Petrol,Automatic,First,17.5,1498,99.6,5,11.33,5.43
672,"Volkswagen Polo Diesel Highline 1.2L",Hyderabad,2012,62000,Diesel,Manual,First,22.07,1199,73.9,5,0,4.65
673,"Maruti Ertiga ZDI",Hyderabad,2015,59000,Diesel,Manual,First,20.77,1248,88.8,7,0,7.5
674,"Maruti Swift Dzire VDI",Jaipur,2015,60000,Diesel,Manual,First,26.59,1248,74,5,0,6.25
675,"Mercedes-Benz New C-Class C 220 CDI Elegance AT",Bangalore,2007,39037,Diesel,Automatic,First,14.84,2143,170,5,0,9.25
676,"Honda Brio S MT",Mumbai,2013,17003,Petrol,Manual,First,19.4,1198,86.8,5,0,3.15
677,"Hyundai i10 Magna Optional 1.1L",Hyderabad,2008,80400,Petrol,Manual,First,16,1086,66.7,5,0,2.3
678,"Hyundai Verna 1.6 SX CRDi (O)",Jaipur,2012,75200,Diesel,Manual,First,22.32,1582,126.32,5,0,5.25
679,"Maruti Ciaz VDI SHVS",Kochi,2017,41217,Diesel,Manual,First,28.09,1248,88.5,5,0,7.4
680,"Ford Ikon 1.3 Flair",Pune,2006,98293,Petrol,Manual,Second,13.8,1299,70,5,0,1.55
681,"Volkswagen Polo 1.2 MPI Highline",Pune,2017,54000,Petrol,Manual,Second,16.2,1199,74,5,0,6
682,"Honda Jazz 1.2 V i VTEC",Chennai,2016,17377,Petrol,Manual,First,18.7,1199,88.7,5,0,5.9
683,"Honda Amaze EX i-Dtech",Bangalore,2013,33800,Diesel,Manual,Second,25.8,1498,98.6,5,0,4.7
684,"Hyundai i20 Asta 1.4 CRDi",Hyderabad,2015,86157,Diesel,Manual,First,22.54,1396,88.73,5,0,6.5
685,"Maruti Ritz VDi",Hyderabad,2012,146824,Diesel,Manual,First,21.1,1248,73.9,5,0,3.55
686,"Honda City V MT",Chennai,2014,55000,Petrol,Manual,First,16.8,1497,116.3,5,0,7.1
687,"Skoda Superb 1.8 TSI MT",Hyderabad,2010,53293,Petrol,Manual,First,13.14,1798,160,5,0,6
688,"Maruti Vitara Brezza LDi Option",Pune,2017,38000,Diesel,Manual,First,24.3,1248,88.5,5,0,7.99
689,"Hyundai i20 Asta",Bangalore,2009,64000,Petrol,Manual,Second,17,1197,80,5,0,4.1
690,"Maruti Alto K10 VXI AGS",Hyderabad,2017,25058,Petrol,Automatic,First,24.07,998,67.1,5,0,3.95
691,"Hyundai EON Era Plus",Kochi,2016,36700,Petrol,Manual,First,21.1,814,55.2,5,0,4.38
692,"Hyundai i10 Sportz",Mumbai,2011,35000,Petrol,Manual,First,20.36,1197,78.9,5,0,2.75
693,"Mercedes-Benz SLK-Class SLK 350",Coimbatore,2016,22732,Petrol,Automatic,First,18.1,3498,306,2,0,55.54
694,"Audi A6 2.0 TDI Design Edition",Hyderabad,2014,48000,Diesel,Automatic,First,18.53,1968,187.74,5,0,29
695,"Ford EcoSport 1.5 TDCi Titanium",Bangalore,2013,62084,Diesel,Manual,First,22.77,1498,98.59,5,0,6.6
696,"Volkswagen Passat Highline DSG",Kolkata,2012,39273,Diesel,Automatic,First,14.3,1968,140,5,0,6.99
697,"Toyota Innova Crysta 2.4 ZX MT",Bangalore,2017,64798,Diesel,Manual,First,13.68,2393,147.8,7,26.45,18.75
698,"Ford Figo Diesel ZXI",Jaipur,2010,100002,Diesel,Manual,Third,20,1399,68,5,0,1.28
699,"Chevrolet Aveo 1.4",Pune,2006,78000,Petrol,Manual,Third,14.49,1399,92.7,5,0,1.2
700,"Maruti Ritz LXi",Coimbatore,2013,57717,Petrol,Manual,First,18.5,1197,85.8,5,0,4.31
701,"Land Rover Freelander 2 SE",Chennai,2011,109000,Diesel,Automatic,First,12.39,2179,147.51,5,0,16.5
702,"Hyundai Grand i10 Asta",Coimbatore,2017,74515,Petrol,Manual,First,18.9,1197,82,5,0,5.64
703,"Ford Endeavour 3.2 Trend AT 4X4",Coimbatore,2017,50484,Diesel,Automatic,First,10.91,3198,197.2,7,0,31.12
704,"Audi Q5 2008-2012 2.0 TDI",Kochi,2013,13452,Diesel,Automatic,First,12.8,1968,167.6,5,0,25.46
705,"Hyundai Verna 1.6 VTVT",Kochi,2017,37688,Petrol,Manual,First,17.01,1591,121.3,5,0,7.88
706,"Mercedes-Benz E-Class 2015-2017 E250 CDI Avantgarde",Chennai,2017,34000,Diesel,Automatic,First,13,2143,204,5,0,36
707,"Mercedes-Benz M-Class ML 350 4Matic",Pune,2014,120000,Diesel,Automatic,First,0,2987,165,5,0,30
708,"Maruti Swift Dzire ZXi",Pune,2008,64000,Petrol,Manual,Second,17.5,1298,85.8,5,0,2.85
709,"Honda City 1.3 EXI S",Delhi,2011,100000,Petrol,Manual,First,13,1343,90,5,0,3.5
710,"Renault Duster 85PS Diesel RxL Optional",Jaipur,2014,75000,Diesel,Manual,First,20.46,1461,83.8,5,0,7.5
711,"Mercedes-Benz New C-Class 220 CDI AT",Hyderabad,2012,86000,Diesel,Automatic,First,14.84,2143,170,5,0,19
712,"BMW X5 xDrive 30d Design Pure Experience 5 Seater",Hyderabad,2015,69000,Diesel,Automatic,First,15.97,2993,258,5,0,54
713,"Hyundai Xcent 1.2 Kappa SX Option",Kochi,2015,41721,Petrol,Manual,First,19.1,1197,82,5,0,4.7
714,"Maruti Dzire AMT ZXI Plus",Hyderabad,2017,13000,Petrol,Automatic,First,22,1197,81.8,5,10.34,8.5
715,"BMW 3 Series 320d Corporate Edition",Kolkata,2013,38998,Diesel,Automatic,First,16.07,1995,181,4,0,17
716,"Maruti Alto 800 LXI",Kochi,2017,54250,Petrol,Manual,First,22.74,796,47.3,5,0,3.51
717,"Audi A4 2.0 TDI 177 Premium Plus",Bangalore,2013,45979,Diesel,Automatic,Second,17.11,1968,174.33,5,0,19.5
718,"Mini Cooper S",Pune,2012,37000,Petrol,Automatic,Second,13.6,1598,181,4,0,17
719,"Audi Q7 3.0 TDI Quattro Premium Plus",Coimbatore,2015,46983,Diesel,Automatic,Second,12.07,2967,241.4,7,0,43.35
720,"Chevrolet Beat Diesel LT",Bangalore,2012,40700,Diesel,Manual,First,25.44,936,57.6,5,0,2.65
721,"Maruti Wagon R LXI BS IV",Kochi,2015,43828,Petrol,Manual,First,20.51,998,67.04,5,0,3.52
722,"Nissan Terrano XV Premium 110 PS",Kolkata,2016,53000,Diesel,Manual,First,19.01,1461,108.5,5,0,6.25
723,"BMW 3 Series 320d Luxury Plus",Ahmedabad,2015,100000,Diesel,Automatic,First,18.88,1995,184,5,0,24.75
724,"Maruti Swift Dzire VXI",Mumbai,2015,19000,Petrol,Manual,First,20.85,1197,83.14,5,0,5.25
725,"Skoda Yeti Elegance 4X2",Jaipur,2016,84000,Diesel,Manual,First,17.72,1968,108.5,5,0,11
726,"Ford EcoSport 1.5 Ti VCT AT Titanium",Kochi,2018,37630,Petrol,Automatic,First,15.63,1499,110.4,5,0,9.1
727,"Hyundai i20 1.2 Magna",Chennai,2010,67714,Petrol,Manual,First,18.5,1197,80,5,0,3.25
728,"Maruti S Cross DDiS 200 Sigma Option",Pune,2017,32000,Diesel,Manual,First,15,1248,88.5,5,0,8.5
729,"Hyundai Verna Transform VTVT",Pune,2010,51000,Petrol,Manual,First,16.2,1599,103.2,5,0,3.1
730,"BMW 3 Series 320d Luxury Line",Kochi,2015,58390,Diesel,Automatic,First,18.88,1995,184,5,0,19.86
731,"Hyundai Grand i10 1.2 CRDi Magna",Kolkata,2017,14000,Diesel,Manual,First,24,1186,73.97,5,7.46,4.9
732,"Honda City i-VTEC V",Delhi,2014,55818,Petrol,Manual,Second,17.4,1497,117.3,5,11.85,5.7
733,"Maruti Swift 1.3 VXi",Chennai,2006,97800,Petrol,Manual,Third,16.1,0,0,0,0,1.75
734,"Maruti Swift VDI BSIV",Kolkata,2012,52241,Diesel,Manual,First,25.2,1248,74,5,0,2.9
735,"Maruti Baleno Zeta 1.3",Coimbatore,2018,25433,Diesel,Manual,First,27.39,1248,74,5,0,7.83
736,"Tata Safari Storme 2012-2015 LX",Kochi,2015,40611,Diesel,Manual,First,14,2179,138.1,7,0,8.15
737,"Hyundai Accent GLS",Bangalore,2008,72000,Petrol,Manual,Second,13.2,1495,94,5,0,2
738,"Maruti Swift LDI SP Limited Edition",Hyderabad,2016,54631,Diesel,Manual,First,25.2,1248,74,5,0,6.25
739,"Maruti Swift VDI BSIV",Bangalore,2007,60000,Diesel,Manual,Second,17.8,1248,NULL,5,0,3.4
740,"Tata Nano XTA",Coimbatore,2016,24941,Petrol,Automatic,First,21.9,624,37.48,4,0,3.19
741,"Maruti Ertiga VDI",Ahmedabad,2017,63939,Diesel,Manual,First,25.47,1248,88.5,7,10.41,7.75
742,"Maruti Celerio VXI AMT",Delhi,2014,35214,Petrol,Automatic,Second,23.1,998,67.04,5,5.57,3.2
743,"Maruti Swift VDI BSIV",Delhi,2015,63000,Diesel,Manual,First,25.2,1248,74,5,0,4.9
744,"Volkswagen Vento Petrol Highline",Kochi,2012,121377,Petrol,Manual,First,15.04,1598,103.6,5,0,3.8
745,"Volkswagen Jetta 2007-2011 1.9 Highline TDI",Chennai,2009,100970,Diesel,Automatic,First,15.5,1896,105,5,0,4
746,"Mini Cooper 5 DOOR D",Hyderabad,2014,60000,Diesel,Automatic,Second,20.7,1496,113.98,5,42.48,23.5
747,"Tata Indica V2 DLS",Chennai,2008,77650,Diesel,Manual,First,17.2,1396,53.5,5,0,1.15
748,"Hyundai Santro Xing XO",Hyderabad,2007,71297,Petrol,Manual,First,17,1086,NULL,5,0,2.2
749,"Land Rover Range Rover 3.0 D",Mumbai,2008,55001,Diesel,Automatic,Second,0,0,0,0,0,26.5
750,"Honda City i-VTEC CVT VX",Bangalore,2015,18955,Petrol,Automatic,First,18,1497,117.3,5,16.04,10.65
751,"Jaguar XF 2.2 Litre Luxury",Coimbatore,2016,47877,Diesel,Automatic,First,16.36,2179,187.7,5,0,35.68
752,"Mercedes-Benz E-Class 2015-2017 E250 Edition E",Kochi,2017,43368,Diesel,Automatic,First,15,2143,204,5,0,31.94
753,"Chevrolet Cruze LTZ",Chennai,2011,73000,Diesel,Manual,Third,18.3,1991,147.9,5,0,4.2
754,"Mahindra XUV500 W8 2WD",Ahmedabad,2015,72007,Diesel,Manual,First,15.1,2179,140,7,0,9.9
755,"Mercedes-Benz New C-Class C 200 CGI Avantgarde",Kochi,2014,56778,Petrol,Automatic,First,11.74,1796,186,5,0,15.46
756,"Honda Jazz VX",Kochi,2018,20024,Petrol,Manual,First,18.2,1199,88.7,5,9.1,8.46
757,"Toyota Etios G",Kolkata,2013,42103,Petrol,Manual,First,16.78,1496,88.73,5,0,3.25
758,"Maruti Alto LXi BSIII",Hyderabad,2012,67147,Petrol,Manual,First,19.7,796,46.3,5,0,2.6
759,"Maruti Swift VXI BSIV",Coimbatore,2016,37806,Petrol,Manual,First,20.4,1197,81.8,5,0,5.2
760,"Maruti A-Star Vxi",Pune,2009,85000,Petrol,Manual,Third,19,998,66.1,5,0,1.8
761,"Tata Nano Lx BSIV",Chennai,2011,35000,Petrol,Manual,First,25.4,624,37.48,4,0,1.6
762,"Ford Figo Titanium Diesel",Kolkata,2015,72035,Diesel,Manual,First,25.5,1498,99,5,7.65,2.5
763,"Fiat Linea Emotion",Jaipur,2011,48500,Petrol,Manual,First,16,1368,90,5,0,2.5
764,"Ford Figo Aspire 1.2 Ti-VCT Trend",Coimbatore,2017,28854,Petrol,Manual,First,18.16,1196,86.8,5,0,6.7
765,"Maruti Baleno LXI",Hyderabad,2005,92450,Petrol,Manual,First,15.4,1590,94,5,0,1.2
766,"BMW 3 Series 320d Luxury Line",Coimbatore,2016,14351,Diesel,Automatic,First,18.88,1995,184,5,0,35.55
767,"Chevrolet Cruze LTZ",Jaipur,2017,51087,Diesel,Manual,First,17.9,1998,163.7,5,0,7.75
768,"Mahindra Scorpio 2.6 DX",Chennai,2005,50000,Diesel,Manual,First,12.7,2609,116.6,8,0,1.94
769,"Tata Indica V2 eLS",Hyderabad,2016,73000,Diesel,Manual,First,25,1396,69,5,0,2.2
770,"Chevrolet Cruze LTZ AT",Ahmedabad,2011,60000,Diesel,Automatic,First,18.1,1991,147.9,4,0,3.8
771,"Toyota Innova 2.5 V Diesel 8-seater",Chennai,2016,50000,Diesel,Manual,First,12.8,2494,102,8,0,15.65
772,"Mercedes-Benz New C-Class C 220d Avantgarde Edition C",Coimbatore,2018,36797,Diesel,Automatic,First,19.27,2143,167.62,5,0,39.47
773,"Maruti Ritz VXi",Kolkata,2011,50000,Petrol,Manual,Second,18.5,1197,85.8,5,0,1.5
774,"Toyota Innova 2.5 GX (Diesel) 8 Seater BS IV",Ahmedabad,2013,94000,Diesel,Manual,First,12.8,2494,102,8,0,8.85
775,"Toyota Fortuner 4x4 MT",Bangalore,2013,74000,Diesel,Manual,Second,12.55,2982,168.5,7,0,17.9
776,"Hyundai i10 Sportz AT",Coimbatore,2014,41016,Petrol,Automatic,Second,16.95,1197,78.9,5,0,5.08
777,"Hyundai Verna 1.6 SX",Bangalore,2012,67000,Diesel,Manual,First,22.32,1582,126.32,5,0,6.25
778,"Audi Q3 2012-2015 35 TDI Quattro Premium Plus",Bangalore,2015,76927,Diesel,Automatic,First,15.73,1968,174.33,5,0,22.75
779,"Chevrolet Beat LS",Kolkata,2010,17088,Petrol,Manual,First,18.6,1199,79.4,5,0,1.46
780,"Ford Fiesta 1.4 Duratorq ZXI",Pune,2007,112808,Diesel,Manual,Second,17.8,1399,68,5,0,2.05
781,"Ford Figo Diesel EXI",Coimbatore,2014,74980,Diesel,Manual,First,20,1399,68,5,0,4.08
782,"Maruti Celerio VXI AT",Hyderabad,2014,44600,Petrol,Automatic,First,23.1,998,67.04,5,0,4.55
783,"Mercedes-Benz A Class A180 CDI",Mumbai,2013,37000,Diesel,Automatic,First,20,2143,107.3,5,0,14
784,"Hyundai Creta 1.6 SX",Ahmedabad,2016,21000,Petrol,Manual,First,15.8,1591,121.3,5,13.74,10.9
785,"Maruti Wagon R VXI BS IV",Bangalore,2010,81245,Petrol,Manual,First,18.9,998,67.1,5,0,2.45
786,"Mercedes-Benz E-Class 2009-2013 E 220 CDI Avantgarde",Delhi,2013,70000,Diesel,Automatic,First,10,2148,170,5,0,15.8
787,"Ford EcoSport 1.5 Ti VCT MT Titanium BE",Mumbai,2017,4018,Petrol,Manual,First,18.88,1499,110.4,5,0,8.25
788,"Renault Koleos 2.0 Diesel",Delhi,2013,70000,Diesel,Automatic,Second,13.73,1995,148,5,0,8.5
789,"Mahindra XUV500 W10 2WD",Coimbatore,2016,56532,Diesel,Manual,First,16,2179,140,7,0,15.54
790,"Maruti Omni E 8 Str STD",Hyderabad,2013,26875,Petrol,Manual,First,16.8,796,34.2,8,0,2.35
791,"Maruti Wagon R VXI",Coimbatore,2015,72599,Petrol,Manual,First,22.5,998,67.04,5,5.72,4.32
792,"Ford Endeavour XLT TDCi 4X2",Jaipur,2008,205000,Diesel,Manual,Second,13.1,2499,141,7,0,3.9
793,"Hyundai Verna 1.6 SX",Hyderabad,2011,98000,Diesel,Manual,Second,22.32,1582,126.32,5,0,5.2
794,"Hyundai i20 Magna 1.2",Mumbai,2018,19500,Petrol,Manual,First,18.6,1197,81.83,5,0,5.85
795,"Maruti Ertiga ZXI",Bangalore,2013,68000,Petrol,Manual,Second,16.02,1373,93.7,7,0,6.25
796,"Mahindra XUV500 W9 AT",Coimbatore,2019,19654,Diesel,Automatic,First,14,2179,155,7,21.33,17.63
797,"Maruti SX4 S Cross DDiS 200 Zeta",Mumbai,2017,26000,Diesel,Manual,First,23.65,1248,88.5,5,0,9.75
798,"Mercedes-Benz SLK-Class SLK 350",Bangalore,2015,10000,Petrol,Automatic,First,18.1,3498,306,2,0,55
799,"Volkswagen Polo Diesel Comfortline 1.2L",Hyderabad,2011,75020,Diesel,Manual,First,22.07,1199,73.9,5,0,4.1
800,"Toyota Fortuner 4x4 MT",Hyderabad,2011,157000,Diesel,Manual,First,12.55,2982,168.5,7,0,11.99
801,"Mahindra XUV500 W10 2WD",Kochi,2017,43773,Diesel,Manual,First,16,2179,140,7,0,13.54
802,"Mercedes-Benz GLE 250d",Mumbai,2016,21000,Diesel,Automatic,First,17.9,2143,201.15,5,78.76,56
803,"Honda Jazz 1.2 VX i VTEC",Chennai,2016,23280,Petrol,Manual,First,18.7,1199,88.7,5,0,6.5
804,"Maruti Swift Dzire VDI",Pune,2013,88000,Diesel,Manual,First,23.4,1248,74,5,0,4.75
805,"Hyundai Verna 1.6 SX VTVT",Hyderabad,2014,67000,Petrol,Manual,First,17.01,1591,121.3,5,0,5.6
806,"Ford Endeavour 3.2 Titanium AT 4X4",Coimbatore,2017,59636,Diesel,Automatic,First,10.91,3198,197,7,0,29.2
807,"Hyundai i20 1.2 Asta Option",Kolkata,2018,11000,Petrol,Manual,First,18.6,1197,81.83,5,0,6.35
808,"Honda City 1.5 V MT Sunroof",Mumbai,2013,60669,Petrol,Manual,First,16.8,1497,116.3,5,0,4.95
809,"Honda Amaze VX Diesel",Hyderabad,2018,12000,Diesel,Manual,First,27.4,1498,98.6,5,10.34,8.5
810,"Hyundai Verna 1.6 SX VTVT (O)",Kolkata,2013,35000,Petrol,Manual,First,17.1,1591,121.3,5,0,4.5
811,"Honda Mobilio S i DTEC",Chennai,2015,65000,Diesel,Manual,First,24.2,1498,98.6,7,0,5.5
812,"Maruti Ertiga ZDI",Kochi,2013,39929,Diesel,Manual,First,20.77,1248,88.8,7,0,6.56
813,"Maruti Alto K10 LXI",Pune,2014,49000,Petrol,Manual,First,24.07,998,67.1,5,4.29,2.3
814,"Toyota Qualis FS B2",Pune,2004,77757,Diesel,Manual,Second,13.1,2446,75,10,0,3.5
815,"Hyundai i10 Sportz",Kochi,2016,21456,Petrol,Manual,First,20.36,1197,78.9,5,0,4.55
816,"Skoda Laura 1.9 TDI AT Ambiente",Bangalore,2009,74000,Diesel,Automatic,Second,17,1896,105,5,0,7.75
817,"Hyundai i20 Asta Option 1.2",Mumbai,2015,37000,Petrol,Manual,Second,18.6,1197,81.83,5,0,5.25
818,"BMW 5 Series 2003-2012 530d Highline",Coimbatore,2013,108640,Diesel,Automatic,First,11.5,2993,235,5,0,23.29
819,"BMW 3 Series 320d M Sport",Mumbai,2016,38000,Diesel,Automatic,First,22.69,1995,190,5,0,23.99
820,"Chevrolet Aveo 1.4 LT ABS BSIV",Pune,2010,80000,Petrol,Manual,First,14.49,1399,92.7,5,0,1.79
821,"Mercedes-Benz E-Class 2009-2013 E250 CDI Elegance",Mumbai,2011,47000,Diesel,Automatic,Second,14.21,2143,203,5,0,13.9
822,"Audi A6 2011-2015 2.0 TDI Premium Plus",Kolkata,2013,31000,Diesel,Automatic,First,17.68,1968,174.33,5,0,18.95
823,"Maruti Wagon R LXI BS IV",Kolkata,2014,40000,Petrol,Manual,First,20.51,998,67.04,5,0,2.49
824,"Renault KWID RXT",Jaipur,2016,4152,Petrol,Manual,First,25.17,799,53.3,5,0,3.15
825,"Volkswagen Ameo 1.5 TDI Highline",Mumbai,2017,51000,Diesel,Manual,First,21.66,1498,108.62,5,10.04,6.45
826,"Volkswagen Polo Diesel Comfortline 1.2L",Ahmedabad,2013,55000,Diesel,Manual,First,22.07,1199,73.9,5,0,4.25
827,"Maruti Alto 800 LXI",Hyderabad,2014,58500,Petrol,Manual,First,22.74,796,47.3,5,0,2.75
828,"Hyundai i20 Asta Option 1.2",Kochi,2017,58620,Petrol,Manual,First,18.6,1197,81.83,5,0,7.14
829,"Toyota Etios Liva G",Mumbai,2012,29605,Petrol,Manual,First,18.3,1197,NULL,5,0,2.44
830,"Hyundai i20 1.2 Sportz",Jaipur,2012,71172,Petrol,Manual,Third,17,1197,80,5,0,3.5
831,"Hyundai i20 1.4 Asta",Chennai,2017,12000,Diesel,Manual,First,22.54,1396,88.73,5,0,7.3
832,"Maruti Wagon R LXI Optional",Kolkata,2014,25000,Petrol,Manual,First,20.51,998,67.04,5,0,2.75
833,"Hyundai i20 1.4 Asta Option",Bangalore,2017,43000,Diesel,Manual,Second,22.54,1396,88.73,5,0,8.2
834,"Volkswagen Polo GT TSI",Mumbai,2015,57022,Petrol,Automatic,First,17.21,1197,103.6,5,0,6.51
835,"Ford Figo Diesel Titanium",Pune,2015,92000,Diesel,Manual,First,20,1399,68.05,5,0,4.25
836,"Maruti Swift ZXI",Coimbatore,2014,33372,Petrol,Manual,Second,18.6,1197,85.8,5,0,6.21
837,"Hyundai Grand i10 CRDi Magna",Kochi,2016,52625,Diesel,Manual,First,24,1120,70,5,0,4.58
838,"Mahindra Xylo H4",Chennai,2016,215000,Diesel,Manual,First,14.02,2179,118.3,7,11.67,7.5
839,"Maruti Alto Green LXi (CNG)",Delhi,2012,65537,CNG,Manual,First,26.83,796,38.4,5,0,2.1
840,"Hyundai i10 Magna 1.1",Coimbatore,2014,60138,Petrol,Manual,First,19.81,1086,68.05,5,0,4.09
841,"Skoda Octavia Elegance 2.0 TDI AT",Mumbai,2014,84000,Diesel,Automatic,First,19.3,1968,141,5,0,10.75
842,"BMW X5 2014-2019 xDrive 30d Design Pure Experience 7 Seater",Mumbai,2014,47000,Diesel,Automatic,First,15.97,2993,258,7,0,41.5
843,"Maruti Celerio VXI AT",Hyderabad,2014,33450,Petrol,Automatic,First,23.1,998,67.04,5,0,4.4
844,"Volkswagen Vento Diesel Comfortline",Jaipur,2013,125000,Diesel,Manual,Second,20.54,1598,103.6,5,0,6.25
845,"BMW 3 Series 320d Highline",Pune,2011,99606,Diesel,Automatic,Second,16.07,1995,181,5,0,10.5
846,"Maruti Ertiga ZDI",Mumbai,2014,64000,Diesel,Manual,First,20.77,1248,88.8,7,0,7.25
847,"Ford Figo Diesel ZXI",Hyderabad,2013,51000,Diesel,Manual,First,20,1399,68.05,5,0,3.2
848,"Volkswagen Polo 1.2 MPI Highline",Mumbai,2014,57000,Petrol,Manual,First,16.47,1198,74,5,0,3.95
849,"Audi A6 3.0 TDI quattro",Coimbatore,2009,48040,Diesel,Automatic,Second,16.77,2967,241.38,5,0,12.07
850,"Toyota Innova Crysta 2.4 ZX MT",Pune,2017,43200,Diesel,Manual,First,13.68,2393,147.8,7,25.52,18.6
851,"Hyundai Verna 1.6 CRDi EX AT",Delhi,2013,66000,Diesel,Automatic,First,22.32,1582,126.3,5,0,5.7
852,"Hyundai Santro Xing GL Plus",Kolkata,2013,31000,Petrol,Manual,First,17.92,1086,62.1,5,0,1.75
853,"Audi A4 2.0 TDI",Delhi,2011,46000,Diesel,Automatic,Second,16.55,1968,147.51,5,0,10.99
854,"Audi A4 2.0 TDI",Kolkata,2012,47346,Diesel,Automatic,First,16.55,1968,147.51,5,0,14.5
855,"Skoda Laura 1.9 TDI MT Ambiente",Jaipur,2009,100000,Diesel,Manual,First,17,1896,105,5,0,3.11
856,"Honda CR-V 2.0L 2WD AT",Coimbatore,2015,63856,Petrol,Automatic,First,13.7,1997,153.86,5,0,13.96
857,"Hyundai Verna 1.6 SX CRDi (O)",Coimbatore,2015,72996,Diesel,Manual,First,22.32,1582,126.32,5,0,7.11
858,"Honda Mobilio RS i DTEC",Chennai,2014,23000,Diesel,Manual,First,24.5,1498,98.6,7,0,6.9
859,"Hyundai i20 1.2 Asta Option",Coimbatore,2018,15985,Petrol,Manual,First,18.6,1197,81.83,5,0,7.77
860,"Toyota Innova 2.5 G (Diesel) 7 Seater BS IV",Kolkata,2011,98000,Diesel,Manual,Second,12.8,2494,102,8,0,5.5
861,"Hyundai i20 Magna 1.2",Hyderabad,2014,70089,Petrol,Manual,First,18.6,1197,81.83,5,0,5.35
862,"Mahindra Bolero VLX BS IV",Chennai,2011,99000,Diesel,Manual,Second,13.6,2523,63,7,0,4.5
863,"Volkswagen Vento 1.5 TDI Comfortline",Jaipur,2014,72000,Diesel,Manual,First,20.34,1498,103.2,5,0,4.75
864,"Jaguar XF 2.2 Litre Luxury",Coimbatore,2015,44194,Diesel,Automatic,First,16.36,2179,187.7,5,0,32.8
865,"Maruti Zen LXi - BS III",Mumbai,2005,102000,Petrol,Manual,First,17.3,993,60,5,0,0.7
866,"Mercedes-Benz E-Class Facelift",Coimbatore,2018,56652,Diesel,Automatic,First,13,2987,258,5,0,50.29
867,"Toyota Fortuner 3.0 Diesel",Mumbai,2010,41650,Diesel,Manual,Second,11.5,2982,171,7,0,10.99
868,"Hyundai Grand i10 AT Asta",Coimbatore,2015,61717,Petrol,Automatic,First,18.9,1197,82,5,0,5.57
869,"Hyundai Xcent 1.2 CRDi S",Jaipur,2018,25302,Diesel,Manual,First,25.4,1186,73.97,5,8.56,5.9
870,"Hyundai Creta 1.6 VTVT S",Coimbatore,2016,47016,Petrol,Manual,First,15.29,1591,121.3,5,0,9.43
871,"Hyundai i10 Sportz",Bangalore,2010,69000,Petrol,Manual,First,20.36,1197,78.9,5,0,2.9
872,"Honda Brio S MT",Delhi,2016,32700,Petrol,Manual,First,19.4,1198,86.8,5,0,3.68
873,"Toyota Fortuner 4x2 AT",Coimbatore,2015,101337,Diesel,Automatic,First,12.55,2982,168.5,7,0,21.67
874,"Audi A4 2.0 TDI Multitronic",Ahmedabad,2011,59000,Diesel,Automatic,First,16.55,1968,140,5,0,12.5
875,"Toyota Innova Crysta 2.8 ZX AT",Kochi,2018,41736,Diesel,Automatic,First,11.36,2755,171.5,7,27,19.92
876,"Honda City i DTEC VX",Jaipur,2014,71649,Diesel,Manual,First,25.1,1498,98.6,5,0,6.75
877,"Honda City i DTEC VX",Kochi,2015,80606,Diesel,Manual,First,25.1,1498,98.6,5,0,6.96
878,"Renault KWID 1.0 RXT Optional",Jaipur,2017,63262,Petrol,Manual,First,21.7,999,67,5,4.78,3.25
879,"Maruti Swift DDiS ZDI Plus",Hyderabad,2018,5456,Diesel,Manual,First,28.4,1248,74,5,0,8.65
880,"Maruti Celerio VXI Optional AMT",Pune,2017,7500,Petrol,Automatic,First,23.1,998,67.04,5,6.14,5
881,"Mahindra XUV500 W8 2WD",Delhi,2011,66000,Diesel,Manual,First,15.1,2179,140,7,0,5.5
882,"Hyundai i10 Magna",Jaipur,2010,66770,Petrol,Manual,Second,20.36,1197,78.9,5,0,2.6
883,"Hyundai i10 Magna 1.1",Kochi,2014,58472,Petrol,Manual,First,19.81,1086,68.05,5,0,3.41
884,"Maruti Dzire VXI",Kolkata,2011,46687,Petrol,Manual,First,22,1197,81.8,5,7.3,2.7
885,"Maruti Grand Vitara AT",Chennai,2008,77000,Petrol,Automatic,"Fourth & Above",9.7,1995,163.5,5,0,5.5
886,"Audi TT 40 TFSI",Kolkata,2012,7000,Petrol,Automatic,First,14.33,1984,226.6,4,0,35
887,"Mercedes-Benz New C-Class C 200 CGI",Mumbai,2011,48000,Petrol,Automatic,Second,14.74,1991,184,5,0,9.75
888,"Nissan Sunny 2011-2014 Diesel XV",Mumbai,2013,47000,Diesel,Manual,First,21.64,1461,84.8,5,0,4.25
889,"Maruti Wagon R LXI",Ahmedabad,2015,51530,Petrol,Manual,First,18.9,998,67.1,5,0,3.2
890,"Maruti Swift Dzire ZDI",Bangalore,2014,25789,Diesel,Manual,Second,23.4,1248,74,5,0,6.85
891,"Honda Amaze S i-Dtech",Delhi,2015,48000,Diesel,Manual,First,25.8,1498,98.6,5,0,4.5
892,"Maruti Swift ZDI",Delhi,2012,52000,Diesel,Manual,First,28.4,1248,74,5,0,3.55
893,"Hyundai Accent Executive CNG",Hyderabad,2010,95637,CNG,Manual,Second,13.2,1495,93.7,5,0,1.9
894,"Mahindra Scorpio LX 2.6 Turbo",Hyderabad,2008,131000,Diesel,Manual,First,10.5,2609,120,7,0,3.6
895,"Mercedes-Benz E-Class E250 CDI Avantgrade",Kochi,2015,42076,Diesel,Automatic,First,13,2143,201.1,5,0,21.8
896,"Toyota Fortuner 4x2 Manual",Mumbai,2012,76000,Diesel,Manual,Second,13,2982,168.5,7,0,13.5
897,"Datsun redi-GO T Option",Bangalore,2016,20487,Petrol,Manual,First,22.7,799,53.64,5,4.37,2.66
898,"Honda City V MT",Delhi,2010,43000,Petrol,Manual,Second,16.8,1497,116.3,5,0,3.75
899,"Toyota Camry Hybrid",Pune,2018,17000,Petrol,Automatic,First,19.16,2494,158.2,5,0,32
900,"Honda City i DTec V",Coimbatore,2016,60805,Diesel,Manual,First,26,1498,98.6,5,0,8.07
901,"Volkswagen Jetta 2012-2014 2.0L TDI Trendline",Kochi,2012,58775,Diesel,Manual,First,19.33,1968,138.1,5,0,5.64
902,"Audi A6 2011-2015 2.0 TDI",Hyderabad,2013,70181,Diesel,Automatic,First,17.68,1968,174.33,5,0,23.99
903,"Maruti Ertiga VDI",Coimbatore,2016,85827,Diesel,Manual,First,20.77,1248,88.76,7,0,7.5
904,"Mercedes-Benz New C-Class C 220 CDI Style",Jaipur,2016,58205,Diesel,Automatic,First,19.27,2143,167.62,5,0,27
905,"Maruti Swift Dzire Vdi BSIV",Mumbai,2008,91000,Diesel,Manual,Second,19.3,1248,73.9,5,0,2.85
906,"Renault Duster 110PS Diesel RxZ Pack",Pune,2012,74000,Diesel,Manual,First,19.01,1461,108.45,5,0,6.35
907,"Maruti Ritz VDi",Hyderabad,2010,79324,Diesel,Manual,First,21.1,1248,73.9,5,0,3.3
908,"Maruti Swift Dzire VXI",Bangalore,2013,38623,Petrol,Manual,First,19.1,1197,85.8,5,0,5
909,"Maruti Swift ZDi",Coimbatore,2014,59923,Diesel,Manual,First,22.9,1248,74,5,0,6.46
910,"Hyundai EON Sportz",Jaipur,2017,23360,Petrol,Manual,First,21.1,814,55.2,5,0,3.75
911,"Maruti Zen VXI BSII",Kochi,2003,61495,Petrol,Manual,Third,17.3,993,60,5,0,1.52
912,"Maruti Eeco 7 Seater Standard",Coimbatore,2012,56661,Petrol,Manual,First,15.1,1196,73,7,4.98,3.61
913,"Audi Q5 30 TDI quattro Premium",Coimbatore,2017,40318,Diesel,Automatic,First,14.16,1968,174.3,5,0,43.74
914,"Audi Q3 2.0 TDI",Chennai,2014,60000,Diesel,Automatic,First,15.73,1968,174.33,5,0,20
915,"Smart Fortwo CDI AT",Pune,2008,103000,Diesel,Automatic,Second,0,799,NULL,2,0,3
916,"Maruti Swift Dzire VDi",Hyderabad,2010,130000,Diesel,Manual,First,19.3,1248,73.9,5,0,3.65
917,"Tata Sumo DX",Mumbai,2013,20000,Diesel,Manual,First,14.07,1978,83.1,10,0,5.25
918,"BMW X5 2014-2019 xDrive 30d Design Pure Experience 7 Seater",Hyderabad,2016,76000,Diesel,Automatic,First,15.97,2993,258,7,0,58
919,"Honda City i-VTEC CVT VX",Mumbai,2015,30000,Petrol,Automatic,First,18,1497,117.3,5,15.29,8.65
920,"Tata Indigo eCS eLX BS IV",Delhi,2015,150000,Diesel,Manual,First,25,1396,69.01,5,0,2.5
921,"Volkswagen Vento TSI",Chennai,2014,28000,Petrol,Automatic,First,16.93,1197,103.6,5,0,7.75
922,"Maruti Celerio VXI",Bangalore,2015,74000,Petrol,Manual,First,23.1,998,67.04,5,0,4.15
923,"Toyota Fortuner 3.0 Diesel",Delhi,2011,75000,Diesel,Manual,First,11.5,2982,171,7,0,10.85
924,"Mitsubishi Outlander 2.4",Delhi,2010,76000,Petrol,Automatic,Second,11.3,2360,170,5,0,5.53
925,"Volkswagen Jetta 2007-2011 1.9 Highline TDI",Pune,2014,64889,Diesel,Automatic,First,15.5,1896,105,5,0,11.5
926,"Porsche Cayman 2009-2012 S",Hyderabad,2010,10000,Petrol,Manual,First,9,3436,NULL,2,0,40
927,"Hyundai Creta 1.6 CRDi SX",Kolkata,2015,43000,Diesel,Manual,First,19.67,1582,126.2,5,0,9.25
928,"Skoda Fabia 1.2 MPI Ambiente Petrol",Pune,2011,47490,Petrol,Manual,First,17.5,1198,75,5,0,2.29
929,"Ford EcoSport 1.5 TDCi Titanium",Chennai,2015,80000,Diesel,Manual,First,22.77,1498,98.59,5,0,7
930,"Maruti Zen Estilo 1.1 LXI BSIII",Bangalore,2007,60000,Petrol,Manual,Second,18.2,1061,64,5,0,1.65
931,"Maruti Ciaz 1.4 Delta",Ahmedabad,2017,6006,Petrol,Manual,First,20.73,1373,91.1,5,0,8.25
932,"Mercedes-Benz New C-Class C 200 Avantgarde Edition C",Kochi,2011,71703,Petrol,Automatic,First,14.74,1991,181.03,5,0,9.14
933,"Honda Amaze SX i-VTEC",Hyderabad,2016,33000,Petrol,Manual,First,17.8,1198,86.7,5,0,6.5
934,"Toyota Etios GD",Kolkata,2012,60000,Diesel,Manual,First,23.59,1364,NULL,5,0,2.95
935,"Renault Duster 85PS Diesel RxL",Jaipur,2015,91000,Diesel,Manual,First,19.87,1461,83.8,5,0,5.75
936,"Maruti Wagon R LXI LPG BSIV",Hyderabad,2012,72000,LPG,Manual,First,26.2,998,58.2,5,0,2.85
937,"Volkswagen Polo Petrol Highline 1.2L",Kolkata,2011,43000,Petrol,Manual,Second,16.47,1198,73.9,5,0,2.1
938,"Hyundai Creta 1.6 SX Plus Diesel",Coimbatore,2017,63770,Diesel,Manual,First,19.67,1582,126.2,5,0,13.55
939,"Jaguar XF Diesel",Kolkata,2012,43510,Diesel,Automatic,First,14.74,2993,270.9,5,0,20.5
940,"Jeep Compass 2.0 Limited 4X4",Mumbai,2017,52000,Diesel,Manual,First,16.3,1956,170,5,24.26,20
941,"Land Rover Range Rover Evoque 2.0 TD4 HSE Dynamic",Kochi,2018,31427,Diesel,Automatic,First,15.68,1999,177,5,75.12,59.72
942,"Maruti Baleno Alpha Diesel",Kolkata,2016,29000,Diesel,Manual,First,27.39,1248,74,5,9.53,6.5
943,"Maruti Ciaz ZDi SHVS",Ahmedabad,2016,56000,Diesel,Manual,First,28.09,1248,88.5,5,0,7.5
944,"Maruti SX4 Vxi BSIII",Jaipur,2007,76000,Petrol,Manual,Second,15,1586,104.68,5,0,2.15
945,"Hyundai Elantra CRDi SX",Coimbatore,2015,53615,Diesel,Manual,First,22.7,1582,126.24,5,0,8.44
946,"Mitsubishi Pajero Sport 4X4",Bangalore,2013,132000,Diesel,Manual,First,13.5,2477,175.56,7,34.6,12.49
947,"Volkswagen Ameo 1.2 MPI Comfortline",Pune,2017,14800,Petrol,Manual,First,17,1198,73.75,5,0,5.48
948,"Maruti Ritz VXi",Hyderabad,2013,35433,Petrol,Manual,First,18.5,1197,85.8,5,0,4.2
949,"Hyundai Verna CRDi SX",Hyderabad,2013,82966,Diesel,Manual,First,16.8,1493,110,5,0,7.2
950,"Maruti Swift Dzire Tour LDI",Jaipur,2014,96000,Diesel,Manual,First,23.4,1248,74,5,0,4.8
951,"Mahindra KUV 100 mFALCON D75 K6",Kochi,2017,39528,Diesel,Manual,First,25.32,1198,77,6,0,5.83
952,"Toyota Innova Crysta 2.4 ZX MT",Coimbatore,2018,92056,Diesel,Manual,First,13.68,2393,147.8,7,26.45,18.39
953,"Maruti Baleno Delta 1.2",Pune,2016,14930,Petrol,Manual,First,21.4,1197,83.1,5,0,5.85
954,"Honda Jazz VX Diesel",Mumbai,2016,38000,Diesel,Manual,First,27.3,1498,98.6,5,11.15,6.21
955,"Hyundai i20 1.2 Asta",Delhi,2013,71000,Petrol,Manual,First,17,1197,80,5,0,3.65
956,"Hyundai i20 Sportz Diesel",Delhi,2012,71000,Diesel,Manual,First,23,1396,90,5,0,3.7
957,"Mercedes-Benz New C-Class C 220d Avantgarde Edition C",Pune,2015,50000,Diesel,Automatic,First,19.27,2143,167.62,5,0,30
958,"Hyundai Xcent 1.2 Kappa Base",Kochi,2016,48163,Petrol,Manual,First,19.1,1197,82,5,0,4.85
959,"Hyundai Grand i10 AT Asta",Coimbatore,2017,19168,Petrol,Automatic,First,18.9,1197,82,5,0,6.93
960,"Maruti Alto 800 VXI",Kolkata,2016,26000,Petrol,Manual,First,22.74,796,47.3,5,0,2.6
961,"Chevrolet Sail Hatchback 1.2 LS",Kolkata,2014,37400,Petrol,Manual,First,18.2,1199,82.5,5,0,1.89
962,"Mercedes-Benz C-Class Progressive C 220d",Mumbai,2018,8682,Diesel,Automatic,First,0,1950,194,5,52.26,39.5
963,"Skoda Superb Elegance 1.8 TSI AT",Mumbai,2012,95000,Petrol,Automatic,First,13.7,1798,157.75,5,0,10
964,"Audi A4 2.0 TDI",Kolkata,2009,34000,Diesel,Automatic,First,16.55,1968,147.51,5,0,9.95
965,"Toyota Innova 2.5 G (Diesel) 7 Seater BS IV",Mumbai,2014,95000,Diesel,Manual,Second,12.8,2494,102,8,0,9.45
966,"Mercedes-Benz CLA 200 CDI Sport",Coimbatore,2017,13689,Diesel,Automatic,First,17.9,2143,136,5,0,28.25
967,"Hyundai i10 Era",Jaipur,2008,84000,Petrol,Manual,Second,19.81,1086,68.05,5,0,1.8
968,"Maruti Swift Dzire VXi",Kolkata,2008,47000,Petrol,Manual,Second,17.5,1298,85.8,5,0,1.4
969,"Skoda Rapid 1.5 TDI AT Ambition",Ahmedabad,2015,60001,Diesel,Automatic,First,21.66,1498,103.52,5,0,7.25
970,"Maruti Ritz VDi",Hyderabad,2012,96000,Diesel,Manual,First,21.1,1248,73.9,5,0,3.6
971,"Hyundai Accent GLS 1.6",Jaipur,2004,47300,Petrol,Manual,Second,14.4,1599,94,5,0,1.2
972,"Honda Amaze SX i-VTEC",Coimbatore,2014,28246,Petrol,Manual,Second,17.8,1198,86.7,5,0,4.94
973,"Maruti Wagon R LXI",Delhi,2007,65000,Petrol,Manual,Second,18.9,998,67.1,5,0,1.25
974,"Volkswagen Polo Diesel Comfortline 1.2L",Chennai,2013,68000,Diesel,Manual,Second,22.07,1199,73.9,5,0,4.8
975,"Ford Endeavour 2.2 Trend AT 4X2",Kochi,2019,11209,Diesel,Automatic,First,12.62,2198,158,7,0,31.15
976,"Hyundai i20 1.2 Sportz",Pune,2011,41980,Petrol,Manual,Second,17,1197,80,5,0,3.3
977,"Chevrolet Beat Diesel PS",Bangalore,2012,65000,Diesel,Manual,First,25.44,936,57.6,5,0,2.4
978,"Honda Civic 2010-2013 1.8 V MT",Kolkata,2010,38000,Petrol,Manual,First,14.8,1799,130.2,5,0,2
979,"Maruti Wagon R VXI BS IV",Pune,2014,51000,Petrol,Manual,First,20.51,998,67.04,5,0,3.1
980,"Skoda Rapid 1.6 MPI Ambition Plus",Kochi,2014,33855,Petrol,Manual,First,15,1598,103.6,5,0,5.09
981,"Maruti Baleno Vxi - BSIII",Pune,2006,146000,Petrol,Manual,Second,15.4,1590,94,5,0,1.05
982,"Ford EcoSport 1.5 TDCi Titanium",Bangalore,2015,47037,Diesel,Manual,Second,22.77,1498,98.59,5,0,7
983,"Hyundai Accent GLE",Ahmedabad,2010,58000,Petrol,Manual,Second,13.2,1495,94,5,0,2.5
984,"BMW 5 Series 520d Luxury Line",Mumbai,2012,61240,Diesel,Automatic,First,22.48,1995,190,5,70.43,17.5
985,"Maruti Alto K10 2010-2014 VXI",Chennai,2011,91211,Petrol,Manual,First,20.92,998,67.1,5,0,2.1
986,"Audi Q3 2012-2015 2.0 TDI Quattro Premium Plus",Bangalore,2013,84000,Diesel,Automatic,First,15.73,1968,174.33,5,0,17.75
987,"Maruti Wagon R LXI DUO BSIII",Mumbai,2008,64226,LPG,Manual,First,17.3,1061,57.5,5,0,1.45
988,"Toyota Corolla H4",Bangalore,2005,67000,Petrol,Automatic,Second,11.3,1794,125,5,0,2.45
989,"Volvo XC60 D5",Pune,2011,106976,Diesel,Automatic,First,13.5,2400,215,5,0,13.8
990,"Honda Jazz 1.5 VX i DTEC",Kolkata,2016,27210,Diesel,Manual,First,27.3,1498,98.6,5,0,5.85
991,"Maruti Ciaz 1.3 Alpha",Delhi,2017,26322,Diesel,Manual,First,28.09,1248,88.5,5,0,8.9
992,"Maruti Swift VXI BSIV",Mumbai,2016,9107,Petrol,Manual,First,20.4,1197,81.8,5,0,5.15
993,"Mercedes-Benz New C-Class C 220 CDI Avantgarde",Kochi,2015,63983,Diesel,Automatic,First,19.27,2143,170,5,0,16.56
994,"Maruti Wagon R VXI Minor",Chennai,2010,134000,Petrol,Manual,Second,18.9,1061,67,5,0,1.65
995,"Mercedes-Benz A Class A180 Sport",Pune,2015,11000,Petrol,Automatic,First,15.5,1595,120.7,5,0,16
996,"Hyundai Santro Xing GL",Pune,2008,93000,Petrol,Manual,First,0,1086,62,5,0,1.45
997,"Maruti Swift Dzire AMT ZDI",Coimbatore,2017,24852,Diesel,Automatic,First,26.59,1248,74,5,0,8.08
998,"Hyundai Grand i10 AT Asta",Pune,2014,37632,Petrol,Automatic,First,18.9,1197,82,5,0,4.5
999,"Nissan Sunny 2011-2014 XV Special Edition",Chennai,2013,55000,Petrol,Manual,Second,16.95,1498,97.7,5,0,4.3
1000,"Maruti A-Star Lxi",Hyderabad,2010,81448,Petrol,Manual,First,19,998,66.1,5,0,2.6
1001,"Renault KWID RXT Optional",Hyderabad,2018,1900,Petrol,Manual,First,25.17,799,53.3,5,4.8,4.45
1002,"Hyundai Verna 1.6 SX VTVT (O) AT",Coimbatore,2012,54957,Petrol,Automatic,First,17.1,1591,121.4,5,0,5.37
